Estacion,Year,Value_mm,Flag1,Flag2
Cartagena,1949.0417,146,0,0
Cartagena,1949.125,162,0,0
Cartagena,1949.2083,229,0,0
Cartagena,1949.2917,192,0,0
Cartagena,1949.375,247,0,0
Cartagena,1949.4583,253,0,0
Cartagena,1949.5417,232,0,0
Cartagena,1949.625,293,0,0
Cartagena,1949.7083,271,0,0
Cartagena,1949.7917,341,0,0
Cartagena,1949.875,387,0,0
Cartagena,1949.9583,250,0,0
Cartagena,1950.0417,165,0,0
Cartagena,1950.125,223,0,0
Cartagena,1950.2083,207,0,0
Cartagena,1950.2917,183,0,0
Cartagena,1950.375,226,0,0
Cartagena,1950.4583,280,0,0
Cartagena,1950.5417,259,0,0
Cartagena,1950.625,296,0,0
Cartagena,1950.7083,305,0,0
Cartagena,1950.7917,329,0,0
Cartagena,1950.875,369,0,0
Cartagena,1950.9583,320,0,0
Cartagena,1951.0417,198,0,0
Cartagena,1951.125,207,0,0
Cartagena,1951.2083,168,0,0
Cartagena,1951.2917,262,0,0
Cartagena,1951.375,287,0,0
Cartagena,1951.4583,287,0,0
Cartagena,1951.5417,250,0,0
Cartagena,1951.625,265,0,0
Cartagena,1951.7083,290,0,0
Cartagena,1951.7917,351,0,0
Cartagena,1951.875,302,0,0
Cartagena,1951.9583,226,0,0
Cartagena,1952.0417,174,0,0
Cartagena,1952.125,256,0,0
Cartagena,1952.2083,210,0,0
Cartagena,1952.2917,192,0,0
Cartagena,1952.375,290,0,0
Cartagena,1952.4583,274,0,0
Cartagena,1952.5417,253,0,0
Cartagena,1952.625,274,0,0
Cartagena,1952.7083,375,0,0
Cartagena,1952.7917,433,0,0
Cartagena,1952.875,323,0,0
Cartagena,1952.9583,296,0,0
Cartagena,1953.0417,229,0,0
Cartagena,1953.125,180,0,0
Cartagena,1953.2083,207,0,0
Cartagena,1953.2917,223,0,0
Cartagena,1953.375,259,0,0
Cartagena,1953.4583,277,0,0
Cartagena,1953.5417,190,0,0
Cartagena,1953.625,274,0,0
Cartagena,1953.7083,341,0,0
Cartagena,1953.7917,317,0,0
Cartagena,1953.875,332,0,0
Cartagena,1953.9583,320,0,0
Cartagena,1954.0417,192,0,0
Cartagena,1954.125,232,0,0
Cartagena,1954.2083,229,0,0
Cartagena,1954.2917,244,0,0
Cartagena,1954.375,277,0,0
Cartagena,1954.4583,259,0,0
Cartagena,1954.5417,256,0,0
Cartagena,1954.625,271,0,0
Cartagena,1954.7083,366,0,0
Cartagena,1954.7917,393,0,0
Cartagena,1954.875,344,0,0
Cartagena,1954.9583,244,0,0
Cartagena,1955.0417,232,0,0
Cartagena,1955.125,293,0,0
Cartagena,1955.2083,216,0,0
Cartagena,1955.2917,204,0,0
Cartagena,1955.375,296,0,0
Cartagena,1955.4583,283,0,0
Cartagena,1955.5417,259,0,0
Cartagena,1955.625,308,0,0
Cartagena,1955.7083,338,0,0
Cartagena,1955.7917,415,0,0
Cartagena,1955.875,332,0,0
Cartagena,1955.9583,271,0,0
Cartagena,1956.0417,265,0,0
Cartagena,1956.125,189,0,0
Cartagena,1956.2083,213,0,0
Cartagena,1956.2917,265,0,0
Cartagena,1956.375,317,0,0
Cartagena,1956.4583,280,0,0
Cartagena,1956.5417,216,0,0
Cartagena,1956.625,265,0,0
Cartagena,1956.7083,387,0,0
Cartagena,1956.7917,354,0,0
Cartagena,1956.875,369,0,0
Cartagena,1956.9583,238,0,0
Cartagena,1957.0417,143,0,0
Cartagena,1957.125,223,0,0
Cartagena,1957.2083,213,0,0
Cartagena,1957.2917,207,0,0
Cartagena,1957.375,238,0,0
Cartagena,1957.4583,335,0,0
Cartagena,1957.5417,280,0,0
Cartagena,1957.625,326,0,0
Cartagena,1957.7083,366,0,0
Cartagena,1957.7917,405,0,0
Cartagena,1957.875,366,0,0
Cartagena,1957.9583,335,0,0
Cartagena,1958.0417,323,0,0
Cartagena,1958.125,277,0,0
Cartagena,1958.2083,259,0,0
Cartagena,1958.2917,296,0,0
Cartagena,1958.375,311,0,0
Cartagena,1958.4583,296,0,0
Cartagena,1958.5417,283,0,0
Cartagena,1958.625,338,0,0
Cartagena,1958.7083,393,0,0
Cartagena,1958.7917,378,0,0
Cartagena,1958.875,326,0,0
Cartagena,1958.9583,262,0,0
Cartagena,1959.0417,256,0,0
Cartagena,1959.125,183,0,0
Cartagena,1959.2083,241,0,0
Cartagena,1959.2917,317,0,0
Cartagena,1959.375,287,0,0
Cartagena,1959.4583,268,0,0
Cartagena,1959.5417,283,0,0
Cartagena,1959.625,293,0,0
Cartagena,1959.7083,369,0,0
Cartagena,1959.7917,360,0,0
Cartagena,1959.875,341,0,0
Cartagena,1959.9583,296,0,0
Cartagena,1960.0417,244,0,0
Cartagena,1960.125,317,0,0
Cartagena,1960.2083,299,0,0
Cartagena,1960.2917,314,0,0
Cartagena,1960.375,305,0,0
Cartagena,1960.4583,332,0,0
Cartagena,1960.5417,326,0,0
Cartagena,1960.625,338,0,0
Cartagena,1960.7083,387,0,0
Cartagena,1960.7917,369,0,0
Cartagena,1960.875,332,0,0
Cartagena,1960.9583,320,0,0
Cartagena,1961.0417,277,0,0
Cartagena,1961.125,277,0,0
Cartagena,1961.2083,290,0,0
Cartagena,1961.2917,283,0,0
Cartagena,1961.375,302,0,0
Cartagena,1961.4583,293,0,0
Cartagena,1961.5417,311,0,0
Cartagena,1961.625,344,0,0
Cartagena,1961.7083,375,0,0
Cartagena,1961.7917,415,0,0
Cartagena,1961.875,357,0,0
Cartagena,1961.9583,311,0,0
Cartagena,1962.0417,274,0,0
Cartagena,1962.125,280,0,0
Cartagena,1962.2083,271,0,0
Cartagena,1962.2917,277,0,0
Cartagena,1962.375,329,0,0
Cartagena,1962.4583,308,99,0
Cartagena,1962.5417,268,0,0
Cartagena,1962.625,335,0,0
Cartagena,1962.7083,393,0,0
Cartagena,1962.7917,387,0,0
Cartagena,1962.875,366,0,0
Cartagena,1962.9583,308,0,0
Cartagena,1963.0417,250,0,0
Cartagena,1963.125,247,0,0
Cartagena,1963.2083,253,0,0
Cartagena,1963.2917,293,0,0
Cartagena,1963.375,311,0,0
Cartagena,1963.4583,287,0,0
Cartagena,1963.5417,323,0,0
Cartagena,1963.625,351,0,0
Cartagena,1963.7083,387,0,0
Cartagena,1963.7917,418,0,0
Cartagena,1963.875,381,0,0
Cartagena,1963.9583,326,0,0
Cartagena,1964.0417,280,0,0
Cartagena,1964.125,247,0,0
Cartagena,1964.2083,232,0,0
Cartagena,1964.2917,268,0,0
Cartagena,1964.375,284,0,0
Cartagena,1964.4583,305,0,0
Cartagena,1964.5417,296,0,0
Cartagena,1964.625,308,0,0
Cartagena,1964.7083,405,0,0
Cartagena,1964.7917,448,0,0
Cartagena,1964.875,378,0,0
Cartagena,1964.9583,253,0,0
Cartagena,1965.0417,262,0,0
Cartagena,1965.125,253,0,0
Cartagena,1965.2083,253,0,0
Cartagena,1965.2917,268,0,0
Cartagena,1965.375,299,0,0
Cartagena,1965.4583,305,0,0
Cartagena,1965.5417,274,99,0
Cartagena,1965.625,329,0,0
Cartagena,1965.7083,439,0,0
Cartagena,1965.7917,430,0,0
Cartagena,1965.875,387,0,0
Cartagena,1965.9583,296,0,0
Cartagena,1966.0417,299,0,0
Cartagena,1966.125,277,0,0
Cartagena,1966.2083,226,0,0
Cartagena,1966.2917,290,0,0
Cartagena,1966.375,347,99,0
Cartagena,1966.4583,305,0,0
Cartagena,1966.5417,305,0,0
Cartagena,1966.625,329,99,0
Cartagena,1966.7083,387,0,0
Cartagena,1966.7917,375,0,0
Cartagena,1966.875,378,0,0
Cartagena,1966.9583,299,99,0
Cartagena,1967.0417,250,0,0
Cartagena,1967.125,256,0,0
Cartagena,1967.2083,235,0,0
Cartagena,1967.2917,247,0,0
Cartagena,1967.375,277,0,0
Cartagena,1967.4583,314,0,0
Cartagena,1967.5417,311,0,0
Cartagena,1967.625,347,0,0
Cartagena,1967.7083,341,0,0
Cartagena,1967.7917,381,0,0
Cartagena,1967.875,381,0,0
Cartagena,1967.9583,320,0,0
Cartagena,1968.0417,244,0,0
Cartagena,1968.125,283,0,0
Cartagena,1968.2083,283,0,0
Cartagena,1968.2917,265,0,0
Cartagena,1968.375,302,0,0
Cartagena,1968.4583,332,0,0
Cartagena,1968.5417,329,0,0
Cartagena,1968.625,341,99,0
Cartagena,1968.7083,390,0,0
Cartagena,1968.7917,427,0,0
Cartagena,1968.875,387,0,0
Cartagena,1968.9583,204,0,0
Cartagena,1969.0417,226,0,0
Cartagena,1969.125,274,0,0
Cartagena,1969.2083,302,0,0
Cartagena,1969.2917,277,99,0
Cartagena,1969.375,302,0,0
Cartagena,1969.4583,415,0,0
Cartagena,1969.5417,338,0,0
Cartagena,1969.625,390,0,0
Cartagena,1969.7083,384,0,0
Cartagena,1969.7917,390,0,0
Cartagena,1969.875,372,0,0
Cartagena,1969.9583,262,0,0
Cartagena,1970.0417,427,0,0
Cartagena,1970.125,559,0,0
Cartagena,1970.2083,577,0,0
Cartagena,1970.2917,494,0,0
Cartagena,1970.375,580,0,0
Cartagena,1970.625,606,11,0
Cartagena,1970.7083,612,0,0
Cartagena,1970.7917,581,1,0
Cartagena,1970.875,563,9,0
Cartagena,1971.0417,576,10,0
Cartagena,1971.125,628,0,0
Cartagena,1971.2083,616,0,0
Cartagena,1971.2917,600,0,0
Cartagena,1971.375,641,0,0
Cartagena,1971.4583,689,2,0
Cartagena,1971.5417,661,0,0
Cartagena,1971.625,661,0,0
Cartagena,1971.7083,725,0,0
Cartagena,1971.7917,761,1,0
Cartagena,1971.875,749,3,0
Cartagena,1971.9583,641,8,0
Cartagena,1972.0417,671,3,0
Cartagena,1972.125,652,0,0
Cartagena,1972.2083,650,0,0
Cartagena,1972.2917,647,3,0
Cartagena,1972.375,715,2,0
Cartagena,1972.4583,765,5,0
Cartagena,1972.5417,683,11,0
Cartagena,1972.625,740,6,0
Cartagena,1972.7083,800,0,0
Cartagena,1972.7917,786,2,0
Cartagena,1972.875,751,0,0
Cartagena,1972.9583,755,0,0
Cartagena,1973.0417,740,0,0
Cartagena,1973.125,701,0,0
Cartagena,1973.2083,690,0,0
Cartagena,1973.2917,720,0,0
Cartagena,1973.375,695,0,0
Cartagena,1973.4583,715,0,0
Cartagena,1973.5417,758,0,0
Cartagena,1973.625,778,0,0
Cartagena,1973.7083,754,2,0
Cartagena,1973.7917,790,3,0
Cartagena,1973.9583,727,0,0
Cartagena,1974.0417,634,2,0
Cartagena,1974.125,662,3,0
Cartagena,1974.2083,666,11,0
Cartagena,1974.2917,654,0,0
Cartagena,1974.375,677,1,0
Cartagena,1974.4583,713,0,0
Cartagena,1974.5417,712,2,0
Cartagena,1974.625,730,12,0
Cartagena,1974.7083,745,0,0
Cartagena,1974.7917,847,0,0
Cartagena,1974.9583,694,6,0
Cartagena,1975.0417,688,0,0
Cartagena,1975.125,692,0,0
Cartagena,1975.2083,663,0,0
Cartagena,1975.2917,643,0,0
Cartagena,1975.375,702,0,0
Cartagena,1975.4583,732,0,0
Cartagena,1975.5417,707,0,0
Cartagena,1975.625,736,0,0
Cartagena,1975.7083,803,1,0
Cartagena,1975.7917,797,11,0
Cartagena,1975.875,797,0,0
Cartagena,1975.9583,707,4,0
Cartagena,1976.0417,671,6,0
Cartagena,1976.125,661,0,0
Cartagena,1976.2083,616,0,0
Cartagena,1976.2917,661,0,0
Cartagena,1976.375,678,0,0
Cartagena,1976.4583,729,1,0
Cartagena,1976.5417,654,1,0
Cartagena,1976.625,728,0,0
Cartagena,1976.7083,813,0,0
Cartagena,1976.7917,795,5,0
Cartagena,1976.875,761,1,0
Cartagena,1976.9583,675,0,0
Cartagena,1977.0417,701,0,0
Cartagena,1977.125,673,0,0
Cartagena,1977.2083,664,3,0
Cartagena,1977.2917,653,0,0
Cartagena,1977.375,722,0,0
Cartagena,1977.4583,663,1,0
Cartagena,1977.5417,660,0,0
Cartagena,1977.625,765,0,0
Cartagena,1977.7083,764,0,0
Cartagena,1977.7917,757,1,0
Cartagena,1977.875,760,0,0
Cartagena,1977.9583,686,5,0
Cartagena,1978.0417,656,6,0
Cartagena,1978.125,690,0,0
Cartagena,1978.2083,699,3,0
Cartagena,1978.2917,680,0,0
Cartagena,1978.375,742,0,0
Cartagena,1978.5417,765,1,0
Cartagena,1978.625,714,3,0
Cartagena,1978.7083,785,4,0
Cartagena,1978.7917,852,2,0
Cartagena,1978.875,815,5,0
Cartagena,1978.9583,677,3,0
Cartagena,1979.0417,703,1,0
Cartagena,1979.125,725,0,0
Cartagena,1979.2083,689,6,0
Cartagena,1979.2917,684,3,0
Cartagena,1979.375,723,4,0
Cartagena,1979.625,734,0,0
Cartagena,1979.7083,792,1,0
Cartagena,1979.7917,833,5,0
Cartagena,1979.875,751,6,0
Cartagena,1979.9583,701,0,0
Cartagena,1980.0417,698,3,0
Cartagena,1980.125,703,6,0
Cartagena,1980.2083,658,1,0
Cartagena,1980.2917,720,0,0
Cartagena,1980.375,736,0,0
Cartagena,1980.4583,737,1,0
Cartagena,1980.5417,732,0,0
Cartagena,1980.625,755,0,0
Cartagena,1980.7083,794,0,0
Cartagena,1980.7917,790,1,0
Cartagena,1980.875,810,0,0
Cartagena,1980.9583,748,1,0
Cartagena,1981.0417,752,0,0
Cartagena,1981.125,678,1,0
Cartagena,1981.2083,741,4,0
Cartagena,1981.2917,756,2,0
Cartagena,1981.375,774,3,0
Cartagena,1981.4583,744,1,0
Cartagena,1981.5417,726,0,0
Cartagena,1981.625,780,0,0
Cartagena,1981.7083,794,2,0
Cartagena,1981.7917,819,2,0
Cartagena,1981.875,832,9,0
Cartagena,1981.9583,717,1,0
Cartagena,1982.0417,691,4,0
Cartagena,1982.125,708,1,0
Cartagena,1982.2083,694,3,0
Cartagena,1982.2917,702,6,0
Cartagena,1982.375,726,2,0
Cartagena,1982.4583,759,0,0
Cartagena,1982.5417,731,0,0
Cartagena,1982.625,738,0,0
Cartagena,1982.7083,808,0,0
Cartagena,1982.7917,823,3,0
Cartagena,1982.875,716,0,0
Cartagena,1982.9583,761,0,0
Cartagena,1983.0417,913,8,0
Cartagena,1983.125,688,4,0
Cartagena,1983.2083,771,1,0
Cartagena,1983.2917,748,0,0
Cartagena,1983.375,756,0,0
Cartagena,1983.4583,740,2,0
Cartagena,1983.5417,767,0,0
Cartagena,1983.625,752,0,0
Cartagena,1983.7083,733,0,0
Cartagena,1983.7917,759,1,0
Cartagena,1983.875,726,0,0
Cartagena,1983.9583,693,1,0
Cartagena,1984.0417,709,4,0
Cartagena,1984.125,670,0,0
Cartagena,1984.2083,665,1,0
Cartagena,1984.2917,647,2,0
Cartagena,1984.375,691,0,0
Cartagena,1984.4583,746,4,0
Cartagena,1984.5417,765,0,0
Cartagena,1984.625,741,0,0
Cartagena,1984.7083,773,9,0
Cartagena,1984.7917,878,2,0
Cartagena,1984.875,826,7,0
Cartagena,1984.9583,662,5,0
Cartagena,1985.0417,673,1,0
Cartagena,1985.125,755,5,0
Cartagena,1985.2917,684,0,0
Cartagena,1985.375,732,0,0
Cartagena,1985.4583,743,3,0
Cartagena,1985.5417,754,0,0
Cartagena,1985.625,756,0,0
Cartagena,1985.7083,834,2,0
Cartagena,1985.7917,840,4,0
Cartagena,1985.875,746,0,0
Cartagena,1985.9583,685,1,0
Cartagena,1986.0417,728,7,0
Cartagena,1986.125,720,1,0
Cartagena,1986.2083,790,6,0
Cartagena,1986.2917,726,9,0
Cartagena,1986.375,845,5,0
Cartagena,1986.4583,820,10,0
Cartagena,1986.5417,761,6,0
Cartagena,1986.625,737,4,0
Cartagena,1986.7083,839,1,0
Cartagena,1986.7917,864,2,0
Cartagena,1986.875,810,0,0
Cartagena,1986.9583,715,0,0
Cartagena,1987.0417,775,10,0
Cartagena,1987.2083,733,6,0
Cartagena,1987.2917,810,6,0
Cartagena,1987.4583,761,7,0
Cartagena,1987.5417,792,7,0
Cartagena,1987.625,848,4,0
Cartagena,1987.7083,846,2,0
Cartagena,1987.7917,839,7,0
Cartagena,1987.875,859,10,0
Cartagena,1988.0417,686,10,0
Cartagena,1988.125,780,3,0
Cartagena,1988.2083,694,2,0
Cartagena,1988.2917,698,0,0
Cartagena,1988.375,735,2,0
Cartagena,1988.4583,781,2,0
Cartagena,1988.5417,774,4,0
Cartagena,1988.625,799,3,0
Cartagena,1988.7083,749,2,0
Cartagena,1988.7917,873,4,0
Cartagena,1988.875,805,4,0
Cartagena,1988.9583,701,4,0
Cartagena,1989.0417,682,8,0
Cartagena,1989.125,730,11,0
Cartagena,1989.7083,863,4,0
Cartagena,1989.7917,850,2,0
Cartagena,1989.875,822,5,0
Cartagena,1989.9583,758,10,0
Cartagena,1990.0417,725,5,0
Cartagena,1990.125,675,2,0
Cartagena,1990.2083,732,6,0
Cartagena,1990.2917,730,5,0
Cartagena,1990.375,792,9,0
Cartagena,1990.4583,790,12,0
Cartagena,1990.625,797,9,0
Cartagena,1990.7083,848,12,0
Cartagena,1991.0417,682,0,0
Cartagena,1991.2917,900,0,0
Cartagena,1991.375,787,0,0
Cartagena,1991.4583,755,0,0
Cartagena,1991.5417,719,0,0
Cartagena,1991.625,819,0,0
Cartagena,1991.7083,890,0,0
Cartagena,1991.7917,885,0,0
Cartagena,1991.875,807,0,0
Cartagena,1991.9583,580,0,0
Cartagena,1992.0417,640,0,0
Cartagena,1992.125,767,0,0
Cartagena,1992.2083,756,0,0
Cartagena,1992.2917,788,0,0
Cartagena,1992.375,825,0,0
Cartagena,1992.4583,840,0,0
Cartagena,1992.5417,784,0,0
Cartagena,1992.625,862,0,0
Cartagena,1992.7083,908,0,0
Cartagena,1992.7917,874,0,0
Cartagena,1992.875,832,0,0
Cartagena,1992.9583,781,0,0
Cartagena,1993.125,1183,0,0
Cartagena,1993.2083,1165,0,0
Cartagena,1993.2917,1177,0,0
Cartagena,1993.375,1208,0,0
Cartagena,1993.4583,1158,0,0
Cartagena,1993.5417,1177,0,0
Buenaventura,1941.0417,2725,0,0
Buenaventura,1941.125,2755,0,0
Buenaventura,1941.2083,2670,0,0
Buenaventura,1941.2917,2740,0,0
Buenaventura,1941.375,2774,0,0
Buenaventura,1941.4583,2737,0,0
Buenaventura,1941.5417,2798,0,0
Buenaventura,1941.625,2832,0,0
Buenaventura,1941.7083,2838,0,0
Buenaventura,1941.7917,2844,0,0
Buenaventura,1941.875,2835,0,0
Buenaventura,1941.9583,2859,0,0
Buenaventura,1942.0417,2691,0,0
Buenaventura,1942.125,2640,0,0
Buenaventura,1942.2083,2643,0,0
Buenaventura,1942.2917,2734,0,0
Buenaventura,1942.375,2752,0,0
Buenaventura,1942.4583,2768,0,0
Buenaventura,1942.5417,2768,0,0
Buenaventura,1942.625,2755,0,0
Buenaventura,1942.7083,2771,0,0
Buenaventura,1942.7917,2783,0,0
Buenaventura,1942.875,2780,0,0
Buenaventura,1942.9583,2752,0,0
Buenaventura,1943.0417,2743,0,0
Buenaventura,1943.125,2603,0,0
Buenaventura,1943.2083,2566,0,0
Buenaventura,1943.2917,2643,0,0
Buenaventura,1943.375,2771,0,0
Buenaventura,1943.4583,2832,0,0
Buenaventura,1943.5417,2783,0,0
Buenaventura,1943.625,2722,0,0
Buenaventura,1943.7083,2734,0,0
Buenaventura,1943.7917,2755,0,0
Buenaventura,1943.875,2768,0,0
Buenaventura,1943.9583,2716,0,0
Buenaventura,1944.0417,2621,0,0
Buenaventura,1944.125,2576,0,0
Buenaventura,1944.2083,2609,0,0
Buenaventura,1944.2917,2670,0,0
Buenaventura,1944.375,2752,0,0
Buenaventura,1944.4583,2761,0,0
Buenaventura,1944.5417,2774,0,0
Buenaventura,1944.625,2740,0,0
Buenaventura,1944.7083,2725,0,0
Buenaventura,1944.7917,2765,0,0
Buenaventura,1944.875,2746,0,0
Buenaventura,1944.9583,2734,0,0
Buenaventura,1945.0417,2618,0,0
Buenaventura,1945.125,2554,0,0
Buenaventura,1945.2083,2496,0,0
Buenaventura,1945.2917,2560,0,0
Buenaventura,1945.375,2704,0,0
Buenaventura,1945.4583,2825,0,0
Buenaventura,1945.5417,2749,0,0
Buenaventura,1945.625,2725,0,0
Buenaventura,1945.7083,2755,0,0
Buenaventura,1945.7917,2704,0,0
Buenaventura,1945.875,2746,0,0
Buenaventura,1945.9583,2737,0,0
Buenaventura,1946.0417,2710,0,0
Buenaventura,1946.125,2591,0,0
Buenaventura,1946.2083,2512,0,0
Buenaventura,1946.2917,2621,0,0
Buenaventura,1946.375,2758,0,0
Buenaventura,1946.4583,2771,0,0
Buenaventura,1946.5417,2685,0,0
Buenaventura,1946.625,2710,0,0
Buenaventura,1946.7083,2710,0,0
Buenaventura,1946.7917,2743,0,0
Buenaventura,1946.875,2752,0,0
Buenaventura,1946.9583,2795,0,0
Buenaventura,1948.0417,2734,0,0
Buenaventura,1948.125,2658,0,0
Buenaventura,1948.2083,2652,0,0
Buenaventura,1948.2917,2670,0,0
Buenaventura,1948.375,2743,0,0
Buenaventura,1948.4583,2731,0,0
Buenaventura,1948.5417,2737,0,0
Buenaventura,1948.625,2725,0,0
Buenaventura,1948.7083,2728,0,0
Buenaventura,1948.7917,2743,0,0
Buenaventura,1948.875,2777,0,0
Buenaventura,1948.9583,2749,0,0
Buenaventura,1949.0417,2697,0,0
Buenaventura,1949.125,2606,0,0
Buenaventura,1949.2083,2512,0,0
Buenaventura,1949.2917,2545,0,0
Buenaventura,1949.375,2701,0,0
Buenaventura,1949.4583,2710,0,0
Buenaventura,1949.5417,2694,0,0
Buenaventura,1949.625,2713,0,0
Buenaventura,1949.7083,2716,0,0
Buenaventura,1949.7917,2740,0,0
Buenaventura,1949.875,2734,0,0
Buenaventura,1949.9583,2676,0,0
Buenaventura,1950.0417,2633,0,0
Buenaventura,1950.125,2548,0,0
Buenaventura,1950.2083,2502,0,0
Buenaventura,1950.2917,2609,0,0
Buenaventura,1950.375,2737,0,0
Buenaventura,1950.4583,2774,0,0
Buenaventura,1950.5417,2734,0,0
Buenaventura,1950.625,2704,0,0
Buenaventura,1950.7083,2731,0,0
Buenaventura,1950.7917,2777,0,0
Buenaventura,1950.875,2789,0,0
Buenaventura,1950.9583,2676,0,0
Buenaventura,1951.0417,2637,0,0
Buenaventura,1951.125,2682,0,0
Buenaventura,1951.2083,2585,0,0
Buenaventura,1951.2917,2685,0,0
Buenaventura,1951.375,2862,0,0
Buenaventura,1951.4583,2853,0,0
Buenaventura,1951.5417,2749,0,0
Buenaventura,1951.625,2774,0,0
Buenaventura,1951.7083,2783,0,0
Buenaventura,1951.7917,2774,0,0
Buenaventura,1951.875,2792,0,0
Buenaventura,1951.9583,2768,0,0
Buenaventura,1952.2917,2548,0,0
Buenaventura,1952.375,2670,0,0
Buenaventura,1953.0417,2704,0,0
Buenaventura,1953.125,2685,0,0
Buenaventura,1953.4583,2789,0,0
Buenaventura,1953.5417,2789,0,0
Buenaventura,1953.625,2768,0,0
Buenaventura,1953.7083,2771,0,0
Buenaventura,1953.7917,2825,0,0
Buenaventura,1953.875,2798,0,0
Buenaventura,1953.9583,2813,0,0
Buenaventura,1954.0417,2722,0,0
Buenaventura,1954.125,2524,0,0
Buenaventura,1954.2083,2594,0,0
Buenaventura,1954.2917,2603,0,0
Buenaventura,1954.375,2761,0,0
Buenaventura,1954.4583,2755,0,0
Buenaventura,1954.7917,2746,0,0
Buenaventura,1954.875,2786,0,0
Buenaventura,1954.9583,2728,0,0
Buenaventura,1955.0417,2670,0,0
Buenaventura,1955.125,2676,0,0
Buenaventura,1955.2083,2551,0,0
Buenaventura,1955.2917,2719,0,0
Buenaventura,1955.375,2838,0,0
Buenaventura,1955.4583,2731,0,0
Buenaventura,1955.5417,2716,0,0
Buenaventura,1955.625,2743,0,0
Buenaventura,1955.7083,2722,0,0
Buenaventura,1955.7917,2737,0,0
Buenaventura,1955.875,2746,0,0
Buenaventura,1955.9583,2737,0,0
Buenaventura,1956.375,2786,0,0
Buenaventura,1956.4583,2795,0,0
Buenaventura,1956.5417,2761,0,0
Buenaventura,1956.625,2755,0,0
Buenaventura,1956.7083,2780,0,0
Buenaventura,1956.7917,2640,0,0
Buenaventura,1956.875,2697,0,0
Buenaventura,1956.9583,2743,0,0
Buenaventura,1957.0417,2697,0,0
Buenaventura,1957.125,2640,0,0
Buenaventura,1957.2083,2640,0,0
Buenaventura,1957.2917,2737,0,0
Buenaventura,1957.375,2835,0,0
Buenaventura,1957.4583,2874,0,0
Buenaventura,1957.5417,2859,0,0
Buenaventura,1957.625,2798,0,0
Buenaventura,1957.7083,2792,0,0
Buenaventura,1957.7917,2795,0,0
Buenaventura,1957.875,2893,0,0
Buenaventura,1957.9583,2862,0,0
Buenaventura,1958.0417,2813,0,0
Buenaventura,1958.125,2682,0,0
Buenaventura,1958.2083,2658,0,0
Buenaventura,1958.2917,2670,0,0
Buenaventura,1958.375,2752,0,0
Buenaventura,1958.4583,2761,0,0
Buenaventura,1958.5417,2801,0,0
Buenaventura,1958.625,2777,0,0
Buenaventura,1958.7083,2813,0,0
Buenaventura,1958.7917,2771,0,0
Buenaventura,1958.875,2783,0,0
Buenaventura,1958.9583,2783,0,0
Buenaventura,1959.0417,2819,0,0
Buenaventura,1959.125,2676,0,0
Buenaventura,1959.2083,2643,0,0
Buenaventura,1959.2917,2685,0,0
Buenaventura,1959.375,2725,0,0
Buenaventura,1959.4583,2749,0,0
Buenaventura,1959.5417,2755,0,0
Buenaventura,1959.625,2768,0,0
Buenaventura,1959.7083,2783,0,0
Buenaventura,1959.7917,2798,0,0
Buenaventura,1959.875,2829,0,0
Buenaventura,1959.9583,2789,0,0
Buenaventura,1960.0417,2746,0,0
Buenaventura,1960.125,2707,0,0
Buenaventura,1960.2083,2603,0,0
Buenaventura,1960.2917,2655,0,0
Buenaventura,1960.375,2789,0,0
Buenaventura,1960.4583,2798,0,0
Buenaventura,1960.5417,2789,0,0
Buenaventura,1960.625,2777,0,0
Buenaventura,1960.7083,2755,0,0
Buenaventura,1960.7917,2740,0,0
Buenaventura,1960.875,2780,0,0
Buenaventura,1960.9583,2768,0,0
Buenaventura,1961.0417,2719,0,0
Buenaventura,1961.125,2524,0,0
Buenaventura,1961.2083,2591,0,0
Buenaventura,1961.2917,2640,0,0
Buenaventura,1961.375,2734,0,0
Buenaventura,1961.4583,2771,0,0
Buenaventura,1961.5417,2755,0,0
Buenaventura,1961.625,2777,0,0
Buenaventura,1961.7083,2752,0,0
Buenaventura,1961.7917,2749,0,0
Buenaventura,1961.875,2716,0,0
Buenaventura,1961.9583,2761,0,0
Buenaventura,1962.0417,2725,0,0
Buenaventura,1962.125,2557,0,0
Buenaventura,1962.2083,2515,0,0
Buenaventura,1962.2917,2670,0,0
Buenaventura,1962.375,2780,0,0
Buenaventura,1962.4583,2783,0,0
Buenaventura,1962.5417,2813,0,0
Buenaventura,1962.625,2792,0,0
Buenaventura,1962.7083,2829,0,0
Buenaventura,1962.7917,2801,0,0
Buenaventura,1962.875,2825,0,0
Buenaventura,1962.9583,2758,0,0
Buenaventura,1963.0417,2734,0,0
Buenaventura,1963.125,2734,0,0
Buenaventura,1963.2083,2667,0,0
Buenaventura,1963.2917,2694,0,0
Buenaventura,1963.375,2771,0,0
Buenaventura,1963.4583,2822,0,0
Buenaventura,1963.5417,2804,0,0
Buenaventura,1963.625,2825,0,0
Buenaventura,1963.7083,2822,0,0
Buenaventura,1963.7917,2795,0,0
Buenaventura,1963.875,2783,0,0
Buenaventura,1963.9583,2835,0,0
Buenaventura,1964.0417,2728,0,0
Buenaventura,1964.125,2627,0,0
Buenaventura,1964.2083,2621,0,0
Buenaventura,1964.2917,2609,0,0
Buenaventura,1964.375,2710,0,0
Buenaventura,1964.4583,2728,0,0
Buenaventura,1964.5417,2774,0,0
Buenaventura,1964.625,2780,0,0
Buenaventura,1964.7083,2758,0,0
Buenaventura,1964.7917,2743,99,0
Buenaventura,1964.875,2734,0,0
Buenaventura,1964.9583,2737,0,0
Buenaventura,1965.0417,2697,0,0
Buenaventura,1965.125,2740,0,0
Buenaventura,1965.2083,2694,0,0
Buenaventura,1965.2917,2624,0,0
Buenaventura,1965.375,2737,0,0
Buenaventura,1965.4583,2801,0,0
Buenaventura,1965.5417,2819,0,0
Buenaventura,1965.625,2841,0,0
Buenaventura,1965.7083,2859,0,0
Buenaventura,1965.7917,2804,0,0
Buenaventura,1965.875,2850,0,0
Buenaventura,1965.9583,2868,0,0
Buenaventura,1966.0417,2786,0,0
Buenaventura,1966.125,2694,0,0
Buenaventura,1966.2083,2579,0,0
Buenaventura,1966.2917,2664,0,0
Buenaventura,1966.375,2722,0,0
Buenaventura,1966.4583,2765,0,0
Buenaventura,1966.5417,2792,0,0
Buenaventura,1966.625,2780,0,0
Buenaventura,1966.7083,2765,0,0
Buenaventura,1966.7917,2804,0,0
Buenaventura,1966.875,2835,0,0
Buenaventura,1966.9583,2792,0,0
Buenaventura,1967.0417,2743,0,0
Buenaventura,1967.125,2643,0,0
Buenaventura,1967.2083,2512,0,0
Buenaventura,1967.2917,2576,0,0
Buenaventura,1967.375,2734,0,0
Buenaventura,1967.4583,2780,0,0
Buenaventura,1967.5417,2758,0,0
Buenaventura,1967.625,2725,0,0
Buenaventura,1967.7083,2728,0,0
Buenaventura,1967.7917,2737,0,0
Buenaventura,1967.875,2758,0,0
Buenaventura,1967.9583,2755,0,0
Buenaventura,1968.0417,2679,0,0
Buenaventura,1968.125,2569,0,0
Buenaventura,1968.2083,2536,0,0
Buenaventura,1968.2917,2609,0,0
Buenaventura,1968.375,2697,0,0
Buenaventura,1968.4583,2734,0,0
Buenaventura,1968.5417,2798,0,0
Buenaventura,1968.625,2743,0,0
Buenaventura,1968.7083,2765,0,0
Buenaventura,1968.7917,2801,0,0
Buenaventura,1968.875,2816,0,0
Buenaventura,1968.9583,2795,0,0
Buenaventura,1969.0417,2743,0,0
Buenaventura,1969.125,2667,0,0
Buenaventura,1969.2083,2722,0,0
Buenaventura,1969.2917,2761,0,0
Buenaventura,1969.375,2774,0,0
Buenaventura,1969.4583,2737,0,0
Buenaventura,1969.5417,2713,0,0
Buenaventura,1969.625,2758,0,0
Buenaventura,1969.7083,2798,0,0
Buenaventura,1969.7917,2795,0,0
Buenaventura,1969.875,2835,0,0
Buenaventura,1969.9583,2792,0,0
Buenaventura,1970.0417,2877,0,0
Buenaventura,1970.125,2805,0,0
Buenaventura,1970.2083,2764,0,0
Buenaventura,1970.2917,2802,0,0
Buenaventura,1970.375,2883,0,0
Buenaventura,1970.4583,2890,8,0
Buenaventura,1970.5417,2895,2,0
Buenaventura,1970.625,2913,0,0
Buenaventura,1970.7083,2904,5,0
Buenaventura,1970.7917,2954,1,0
Buenaventura,1970.875,2924,0,0
Buenaventura,1970.9583,2942,9,0
Buenaventura,1971.0417,2869,0,0
Buenaventura,1971.125,2819,0,0
Buenaventura,1971.2083,2836,6,0
Buenaventura,1971.2917,2853,14,0
Buenaventura,1971.5417,2945,0,0
Buenaventura,1971.625,2901,0,0
Buenaventura,1971.7083,2916,0,0
Buenaventura,1971.7917,2890,2,0
Buenaventura,1971.875,2901,9,0
Buenaventura,1971.9583,2894,11,0
Buenaventura,1972.125,2818,1,0
Buenaventura,1972.2083,2811,4,0
Buenaventura,1972.2917,2840,1,0
Buenaventura,1972.375,2998,10,0
Buenaventura,1972.4583,3035,2,0
Buenaventura,1972.5417,3072,2,0
Buenaventura,1972.625,2978,0,0
Buenaventura,1972.7083,3000,1,0
Buenaventura,1972.7917,3016,0,0
Buenaventura,1972.875,3067,0,0
Buenaventura,1972.9583,3068,0,0
Buenaventura,1973.0417,2611,3,0
Buenaventura,1973.125,2449,0,0
Buenaventura,1973.2083,2478,0,0
Buenaventura,1973.2917,2480,0,0
Buenaventura,1973.4583,3460,11,0
Buenaventura,1973.5417,3506,9,0
Buenaventura,1973.625,3482,14,0
Buenaventura,1973.7083,3533,6,0
Buenaventura,1973.7917,3522,9,0
Buenaventura,1973.875,3495,11,0
Buenaventura,1973.9583,3474,4,0
Buenaventura,1974.0417,3466,0,0
Buenaventura,1974.125,3342,3,0
Buenaventura,1974.2083,3356,3,0
Buenaventura,1974.2917,3471,7,0
Buenaventura,1974.375,3552,9,0
Buenaventura,1974.4583,3528,7,0
Buenaventura,1974.875,3526,10,0
Buenaventura,1974.9583,3439,3,0
Buenaventura,1975.125,2786,4,0
Buenaventura,1975.2083,2834,11,0
Buenaventura,1975.2917,2772,15,0
Buenaventura,1975.375,2914,11,0
Buenaventura,1975.4583,2904,4,0
Buenaventura,1975.5417,2904,2,0
Buenaventura,1975.625,2931,0,0
Buenaventura,1975.7083,2914,2,0
Buenaventura,1975.7917,2955,2,0
Buenaventura,1975.875,2945,6,0
Buenaventura,1975.9583,2899,6,0
Buenaventura,1976.0417,2865,1,0
Buenaventura,1976.125,2780,14,0
Buenaventura,1976.2083,2841,2,0
Buenaventura,1976.2917,2903,0,0
Buenaventura,1976.375,3012,0,0
Buenaventura,1976.4583,3058,0,0
Buenaventura,1976.5417,3032,0,0
Buenaventura,1976.625,2991,0,0
Buenaventura,1976.7083,3025,0,0
Buenaventura,1976.7917,3033,0,0
Buenaventura,1976.875,3052,0,0
Buenaventura,1976.9583,2987,0,0
Buenaventura,1977.0417,2834,2,0
Buenaventura,1977.125,2838,0,0
Buenaventura,1977.2083,2775,0,0
Buenaventura,1977.2917,2798,0,0
Buenaventura,1977.375,2942,0,0
Buenaventura,1977.4583,2987,0,0
Buenaventura,1977.5417,3010,0,0
Buenaventura,1977.625,2983,2,0
Buenaventura,1977.7083,2990,0,0
Buenaventura,1977.7917,2995,0,0
Buenaventura,1977.875,3050,0,0
Buenaventura,1977.9583,3002,0,0
Buenaventura,1978.0417,2912,0,0
Buenaventura,1978.125,2875,9,0
Buenaventura,1978.2083,2824,1,0
Buenaventura,1978.2917,2872,0,0
Buenaventura,1978.375,2903,0,0
Buenaventura,1978.4583,2942,4,0
Buenaventura,1978.5417,2926,5,0
Buenaventura,1978.625,2959,0,0
Buenaventura,1978.7917,2962,0,0
Buenaventura,1978.875,2986,0,0
Buenaventura,1978.9583,2986,0,0
Buenaventura,1979.0417,2928,0,0
Buenaventura,1979.125,2820,0,0
Buenaventura,1979.2083,2891,0,0
Buenaventura,1979.2917,2892,0,0
Buenaventura,1979.375,2938,0,0
Buenaventura,1979.4583,2995,0,0
Buenaventura,1979.5417,2981,2,0
Buenaventura,1979.625,2993,0,0
Buenaventura,1979.7083,3008,0,0
Buenaventura,1979.7917,3067,0,0
Buenaventura,1979.875,3056,0,0
Buenaventura,1979.9583,3007,0,0
Buenaventura,1980.0417,2998,0,0
Buenaventura,1980.125,2832,0,0
Buenaventura,1980.2083,2810,0,0
Buenaventura,1980.2917,2808,0,0
Buenaventura,1980.375,2995,0,0
Buenaventura,1980.4583,3026,0,0
Buenaventura,1980.5417,2990,0,0
Buenaventura,1980.625,2998,4,0
Buenaventura,1980.7083,2962,1,0
Buenaventura,1980.7917,3011,0,0
Buenaventura,1980.875,3010,0,0
Buenaventura,1980.9583,3003,0,0
Buenaventura,1981.0417,2863,0,0
Buenaventura,1981.125,2870,0,0
Buenaventura,1981.2083,2856,0,0
Buenaventura,1981.2917,3002,0,0
Buenaventura,1981.375,3003,0,0
Buenaventura,1981.4583,2991,0,0
Buenaventura,1981.5417,2964,1,0
Buenaventura,1981.625,2879,0,0
Buenaventura,1981.7083,3050,0,0
Buenaventura,1981.7917,3089,0,0
Buenaventura,1981.875,3082,0,0
Buenaventura,1981.9583,3042,0,0
Buenaventura,1982.0417,3008,0,0
Buenaventura,1982.125,2940,0,0
Buenaventura,1982.2083,2914,0,0
Buenaventura,1982.2917,2943,2,0
Buenaventura,1982.375,3057,0,0
Buenaventura,1982.4583,3103,0,0
Buenaventura,1982.5417,3092,0,0
Buenaventura,1982.625,3100,0,0
Buenaventura,1982.7083,3126,3,0
Buenaventura,1982.7917,3226,1,0
Buenaventura,1982.875,3217,0,0
Buenaventura,1982.9583,3218,2,0
Buenaventura,1983.0417,3131,0,0
Buenaventura,1983.125,2942,1,0
Buenaventura,1983.2083,3044,0,0
Buenaventura,1983.2917,3140,0,0
Buenaventura,1983.375,3282,0,0
Buenaventura,1983.4583,3143,3,0
Buenaventura,1983.5417,3101,0,0
Buenaventura,1983.625,3098,0,0
Buenaventura,1983.7083,3031,2,0
Buenaventura,1983.7917,3075,2,0
Buenaventura,1983.875,3081,0,0
Buenaventura,1983.9583,2973,0,0
Buenaventura,1984.0417,2979,0,0
Buenaventura,1984.125,2916,0,0
Buenaventura,1984.2083,2874,3,0
Buenaventura,1984.2917,2900,0,0
Buenaventura,1984.375,2952,0,0
Buenaventura,1984.4583,3018,0,0
Buenaventura,1984.5417,3002,0,0
Buenaventura,1984.625,3034,2,0
Buenaventura,1984.7083,3001,0,0
Buenaventura,1984.7917,3001,0,0
Buenaventura,1984.875,2946,0,0
Buenaventura,1984.9583,2920,0,0
Buenaventura,1985.0417,2783,0,0
Buenaventura,1985.125,2800,0,0
Buenaventura,1985.2083,2724,0,0
Buenaventura,1985.2917,2777,0,0
Buenaventura,1985.375,2855,0,0
Buenaventura,1985.4583,2939,2,0
Buenaventura,1985.5417,2952,0,0
Buenaventura,1985.625,2954,0,0
Buenaventura,1985.7083,2935,0,0
Buenaventura,1985.7917,2972,2,0
Buenaventura,1985.875,2969,0,0
Buenaventura,1985.9583,2941,0,0
Buenaventura,1986.0417,2871,0,0
Buenaventura,1986.125,2766,0,0
Buenaventura,1986.2083,2785,0,0
Buenaventura,1986.2917,2860,0,0
Buenaventura,1986.375,2941,0,0
Buenaventura,1986.4583,3050,0,0
Buenaventura,1986.5417,3018,0,0
Buenaventura,1986.625,2994,0,0
Buenaventura,1986.7083,2979,4,0
Buenaventura,1986.7917,3027,1,0
Buenaventura,1986.875,3054,1,0
Buenaventura,1986.9583,2936,0,0
Buenaventura,1987.0417,2910,3,0
Buenaventura,1987.125,2920,6,0
Buenaventura,1987.2083,2780,14,0
Buenaventura,1987.2917,2936,14,0
Buenaventura,1987.375,2986,4,0
Buenaventura,1987.4583,3066,2,0
Buenaventura,1987.5417,3076,0,0
Buenaventura,1987.625,3057,8,0
Buenaventura,1987.875,3022,5,0
Buenaventura,1987.9583,3006,2,0
Buenaventura,1988.0417,2939,9,0
Buenaventura,1988.125,2849,10,0
Buenaventura,1988.2083,2796,0,0
Buenaventura,1988.2917,2878,4,0
Buenaventura,1988.375,2897,0,0
Buenaventura,1988.4583,2893,6,0
Buenaventura,1988.5417,2970,0,0
Buenaventura,1988.625,2953,0,0
Buenaventura,1988.7083,2957,0,0
Buenaventura,1988.7917,2980,4,0
Buenaventura,1988.875,2932,2,0
Buenaventura,1988.9583,2887,0,0
Buenaventura,1989.0417,2805,0,0
Buenaventura,1989.125,2755,0,0
Buenaventura,1989.2083,2775,0,0
Buenaventura,1989.2917,2872,0,0
Buenaventura,1989.375,2949,4,0
Buenaventura,1989.4583,3031,7,0
Buenaventura,1989.625,2947,0,0
Buenaventura,1989.7083,2959,12,0
Buenaventura,1989.875,3014,0,0
Buenaventura,1990.125,3031,1,0
Buenaventura,1990.2083,2758,2,0
Buenaventura,1990.2917,2902,2,0
Buenaventura,1990.375,2932,1,0
Buenaventura,1990.5417,2831,1,0
Buenaventura,1990.625,2970,2,0
Buenaventura,1990.7083,2977,4,0
Buenaventura,1990.7917,2991,0,0
Buenaventura,1990.875,3010,9,0
Buenaventura,1990.9583,2944,0,0
Buenaventura,1991.0417,3051,0,0
Buenaventura,1991.125,2899,0,0
Buenaventura,1991.2083,2850,0,0
Buenaventura,1991.2917,2888,0,0
Buenaventura,1991.375,3036,0,0
Buenaventura,1991.4583,3065,0,0
Buenaventura,1991.5417,3040,0,0
Buenaventura,1991.625,3034,0,0
Buenaventura,1991.7083,3002,0,0
Buenaventura,1991.7917,3064,0,0
Buenaventura,1991.875,3119,0,0
Buenaventura,1991.9583,3052,0,0
Buenaventura,1992.0417,3054,0,0
Buenaventura,1992.125,2960,11,0
Buenaventura,1992.375,2914,0,0
Buenaventura,1992.4583,2993,0,0
Buenaventura,1992.5417,2926,0,0
Buenaventura,1992.625,2919,0,0
Buenaventura,1992.7083,2888,0,0
Buenaventura,1992.7917,2965,0,0
Buenaventura,1992.875,2993,0,0
Buenaventura,1992.9583,3021,0,0
Buenaventura,1993.0417,2104,0,0
Buenaventura,1993.125,2027,0,0
Buenaventura,1993.2083,1963,0,0
Buenaventura,1993.2917,2102,0,0
Buenaventura,1993.375,2193,0,0
Buenaventura,1993.4583,2196,0,0
Buenaventura,1993.5417,2150,0,0
Buenaventura,1993.625,2169,0,0
Buenaventura,1993.7083,2162,0,0
Buenaventura,1993.7917,2193,0,0
Buenaventura,1993.875,2153,0,0
Buenaventura,1993.9583,2166,0,0
Buenaventura,1994.0417,2090,0,0
Buenaventura,1994.125,1976,0,0
Buenaventura,1994.2083,1959,0,0
Buenaventura,1994.2917,2021,0,0
Buenaventura,1994.375,2117,0,0
Buenaventura,1994.4583,2200,0,0
Buenaventura,1994.5417,2180,0,0
Buenaventura,1994.625,2136,0,0
Buenaventura,1994.7083,2186,0,0
Buenaventura,1994.7917,2197,0,0
Buenaventura,1994.875,2265,0,0
Buenaventura,1994.9583,2200,0,0
Buenaventura,1995.0417,2106,0,0
Buenaventura,1995.125,1974,0,0
Buenaventura,1995.2083,1994,0,0
Buenaventura,1995.2917,2047,2,0
Buenaventura,1995.375,2125,5,0
Buenaventura,1995.4583,2182,0,0
Buenaventura,1995.5417,2170,0,0
Buenaventura,1995.625,2172,0,0
Buenaventura,1995.7083,2202,0,0
Buenaventura,1995.7917,2187,0,0
Buenaventura,1995.875,2195,0,0
Buenaventura,1995.9583,2133,0,0
Buenaventura,1996.0417,2142,0,0
Buenaventura,1996.125,2064,0,0
Buenaventura,1996.2083,1996,0,0
Buenaventura,1996.2917,2059,0,0
Buenaventura,1996.375,2133,0,0
Buenaventura,1996.4583,2141,0,0
Buenaventura,1996.5417,2156,0,0
Buenaventura,1996.625,2132,0,0
Buenaventura,1996.7083,2170,0,0
Buenaventura,1996.7917,2128,0,0
Buenaventura,1996.875,2159,0,0
Buenaventura,1996.9583,2117,0,0
Buenaventura,1997.0417,2896,0,0
Buenaventura,1997.125,2948,0,0
Buenaventura,1997.2083,2878,0,0
Buenaventura,1997.2917,2932,0,0
Buenaventura,1997.375,3152,0,0
Buenaventura,1997.4583,3148,0,0
Buenaventura,1997.5417,3177,0,0
Buenaventura,1997.625,3063,0,0
Buenaventura,1997.7083,3084,0,0
Buenaventura,1997.7917,3229,0,0
Buenaventura,1997.875,3244,0,0
Buenaventura,1997.9583,3207,0,0
Buenaventura,1998.0417,2976,0,0
Buenaventura,1998.125,2937,0,0
Buenaventura,1998.2083,2924,0,0
Buenaventura,1998.2917,2972,0,0
Buenaventura,1998.375,3076,0,0
Buenaventura,1998.4583,2980,0,0
Buenaventura,1998.5417,2969,0,0
Buenaventura,1998.625,2977,0,0
Buenaventura,1998.7083,2969,0,0
Buenaventura,1998.7917,3004,0,0
Buenaventura,1998.875,2993,0,0
Buenaventura,1998.9583,2973,0,0
Buenaventura,1999.0417,2958,0,0
Buenaventura,1999.125,2829,0,0
Buenaventura,1999.2083,2869,0,0
Buenaventura,1999.2917,2950,0,0
Buenaventura,1999.375,3009,0,0
Buenaventura,1999.4583,3029,0,0
Buenaventura,1999.5417,3026,0,0
Buenaventura,1999.625,3017,0,0
Buenaventura,1999.7083,2992,0,0
Buenaventura,1999.7917,3023,0,0
Buenaventura,1999.875,3013,0,0
Buenaventura,1999.9583,2983,0,0
Buenaventura,2000.0417,2928,0,0
Buenaventura,2000.125,2799,0,0
Buenaventura,2000.2083,2805,0,0
Buenaventura,2000.2917,2908,0,0
Buenaventura,2000.4583,3018,6,0
Buenaventura,2000.5417,3039,0,0
Buenaventura,2000.625,3021,0,0
Buenaventura,2000.7083,3015,0,0
Buenaventura,2000.7917,3042,0,0
Buenaventura,2000.875,2992,0,0
Buenaventura,2000.9583,2976,0,0
Buenaventura,2001.0417,2034,0,0
Buenaventura,2001.125,1995,0,0
Buenaventura,2001.2083,1967,0,0
Buenaventura,2001.2917,2035,0,0
Buenaventura,2001.375,2169,0,0
Buenaventura,2001.4583,2152,0,0
Buenaventura,2001.5417,2146,0,0
Buenaventura,2001.625,2157,0,0
Buenaventura,2001.7083,2140,0,0
Buenaventura,2001.7917,2184,0,0
Buenaventura,2001.875,2222,0,0
Buenaventura,2001.9583,2204,0,0
Buenaventura,2002.0417,2206,0,0
Buenaventura,2002.125,2069,0,0
Buenaventura,2002.2083,2064,0,0
Buenaventura,2002.2917,2139,0,0
Buenaventura,2002.375,2137,0,0
Buenaventura,2002.4583,2179,0,0
Buenaventura,2002.5417,2245,0,0
Buenaventura,2002.625,2186,0,0
Buenaventura,2002.7083,2190,5,0
Buenaventura,2002.7917,2304,0,0
Buenaventura,2002.875,2354,0,0
Buenaventura,2002.9583,2239,0,0
Buenaventura,2003.0417,2119,0,0
Buenaventura,2003.125,1981,0,0
Buenaventura,2003.2083,2000,0,0
Buenaventura,2003.2917,2047,0,0
Buenaventura,2003.375,2146,0,0
Buenaventura,2003.4583,2141,2,0
Buenaventura,2003.5417,2252,2,0
Buenaventura,2003.625,2199,0,0
Buenaventura,2003.7083,2194,0,0
Buenaventura,2003.7917,2196,1,0
Buenaventura,2003.875,2251,1,0
Buenaventura,2003.9583,2215,4,0
Buenaventura,2004.125,2037,5,0
Buenaventura,2004.2083,2018,0,0
Buenaventura,2004.2917,2066,0,0
Buenaventura,2004.375,2243,0,0
Buenaventura,2004.4583,2246,0,0
Buenaventura,2004.5417,2207,2,0
Buenaventura,2004.625,2262,4,0
Buenaventura,2004.7083,2259,0,0
Buenaventura,2004.7917,2289,5,0
Buenaventura,2005.2917,2100,0,0
Buenaventura,2005.375,2164,3,0
Buenaventura,2005.4583,2149,0,0
Buenaventura,2005.5417,2206,0,0
Buenaventura,2005.625,2169,0,0
Buenaventura,2005.7083,2206,0,0
Buenaventura,2005.7917,2172,2,0
Buenaventura,2005.875,2184,0,0
Buenaventura,2005.9583,2101,0,0
Buenaventura,2006.0417,2064,0,0
Buenaventura,2006.2083,1922,0,0
Buenaventura,2006.2917,2054,0,0
Buenaventura,2006.375,2226,0,0
Buenaventura,2006.4583,2178,0,0
Buenaventura,2006.5417,2186,2,0
Buenaventura,2006.625,2151,0,0
Buenaventura,2006.7083,2179,0,0
Buenaventura,2006.7917,2231,5,0
Buenaventura,2006.875,2258,3,0
Buenaventura,2006.9583,2261,0,0
Buenaventura,2007.0417,2148,0,0
Buenaventura,2007.125,1936,0,0
Buenaventura,2007.2083,1947,4,0
Buenaventura,2007.2917,2009,0,0
Buenaventura,2007.375,2149,0,0
Buenaventura,2007.4583,2153,0,0
Buenaventura,2007.5417,2161,0,0
Buenaventura,2007.625,2176,0,0
Buenaventura,2007.7083,2141,0,0
Buenaventura,2007.7917,2126,2,0
Buenaventura,2007.875,2112,0,0
Buenaventura,2007.9583,2082,0,0
Buenaventura,2008.0417,2058,0,0
Buenaventura,2008.125,1977,0,0
Buenaventura,2008.2083,1950,3,0
Buenaventura,2008.2917,2082,3,0
Buenaventura,2008.375,2263,0,0
Buenaventura,2008.4583,2298,0,0
Buenaventura,2008.5417,2264,0,0
Buenaventura,2008.625,2215,0,0
Buenaventura,2008.7083,2150,0,0
Buenaventura,2008.7917,2156,0,0
Buenaventura,2008.875,2157,0,0
Buenaventura,2008.9583,2111,0,0
Buenaventura,2009.0417,2024,1,0
Buenaventura,2009.2083,1953,4,0
Buenaventura,2009.2917,2055,0,0
Buenaventura,2009.375,2243,0,0
Buenaventura,2009.4583,2292,0,0
Buenaventura,2009.5417,2296,0,0
Buenaventura,2009.625,2250,3,0
Buenaventura,2009.7083,2205,6,0
Buenaventura,2009.7917,2231,0,0
Buenaventura,2009.875,2297,0,0
Buenaventura,2009.9583,2332,1,0
Buenaventura,2010.125,2105,3,0
Buenaventura,2010.2083,2146,6,0
Buenaventura,2010.2917,2228,1,0
Buenaventura,2011.0417,2182,0,0
Buenaventura,2011.125,1934,0,0
Buenaventura,2011.2083,2157,0,0
Buenaventura,2012.625,2273,2,0
Buenaventura,2012.7083,2267,3,0
Buenaventura,2012.7917,2254,0,0
Buenaventura,2012.875,2249,2,0
Buenaventura,2012.9583,2247,0,0
Buenaventura,2013.0417,2109,3,0
Buenaventura,2013.125,2023,0,0
Buenaventura,2013.2083,2077,5,0
Buenaventura,2013.2917,2175,1,0
Buenaventura,2013.375,2250,0,0
Buenaventura,2013.4583,2260,3,0
Buenaventura,2013.5417,2235,1,0
Buenaventura,2013.625,2262,0,0
Buenaventura,2013.7083,2263,0,0
Buenaventura,2013.7917,2289,7,0
Buenaventura,2014.125,2041,3,0
Buenaventura,2014.2083,2094,0,0
Buenaventura,2014.2917,2304,0,0
Buenaventura,2014.375,2277,0,0
Buenaventura,2014.4583,2286,0,0
Buenaventura,2014.5417,2231,0,0
Buenaventura,2014.625,2199,0,0
Buenaventura,2014.7083,2264,0,0
Buenaventura,2014.7917,2269,0,0
Buenaventura,2014.875,2290,0,0
Buenaventura,2014.9583,2299,0,0
Riohacha,1953.0417,1390,99,0
Riohacha,1953.125,1323,0,0
Riohacha,1953.2083,1356,0,0
Riohacha,1953.2917,1436,0,0
Riohacha,1953.375,1530,0,0
Riohacha,1953.4583,1558,0,0
Riohacha,1953.5417,1414,99,0
Riohacha,1953.625,1457,0,0
Riohacha,1953.7083,1561,0,0
Riohacha,1953.7917,1539,0,0
Riohacha,1953.875,1536,0,0
Riohacha,1953.9583,1487,0,0
Riohacha,1954.0417,1292,0,0
Riohacha,1954.125,1436,0,0
Riohacha,1954.2083,1433,0,0
Riohacha,1954.2917,1457,0,0
Riohacha,1954.375,1515,0,0
Riohacha,1954.4583,1494,0,0
Riohacha,1954.5417,1454,0,0
Riohacha,1954.625,1442,0,0
Riohacha,1954.7083,1594,0,0
Riohacha,1954.7917,1649,0,0
Riohacha,1954.875,1533,0,0
Riohacha,1954.9583,1430,0,0
Riohacha,1955.0417,1414,0,0
Riohacha,1955.125,1430,0,0
Riohacha,1955.2083,1326,0,0
Riohacha,1955.2917,1359,0,0
Riohacha,1955.375,1490,0,0
Riohacha,1955.4583,1481,0,0
Riohacha,1955.5417,1460,0,0
Riohacha,1955.625,1524,0,0
Riohacha,1955.7083,1591,0,0
Riohacha,1955.7917,1695,0,0
Riohacha,1955.875,1509,0,0
Riohacha,1955.9583,1399,0,0
Riohacha,1956.0417,1423,0,0
Riohacha,1956.125,1323,0,0
Riohacha,1956.2083,1353,0,0
Riohacha,1956.2917,1393,0,0
Riohacha,1956.375,1460,0,0
Riohacha,1956.4583,1423,0,0
Riohacha,1956.5417,1305,0,0
Riohacha,1956.625,1411,0,0
Riohacha,1956.7083,1561,0,0
Riohacha,1956.7917,1564,0,0
Riohacha,1956.875,1558,0,0
Riohacha,1956.9583,1329,0,0
Riohacha,1957.0417,1231,0,0
Riohacha,1957.125,1301,0,0
Riohacha,1957.2083,1344,0,0
Riohacha,1957.2917,1292,0,0
Riohacha,1957.375,1378,0,0
Riohacha,1957.4583,1487,0,0
Riohacha,1958.2083,1308,0,0
Riohacha,1958.2917,1344,0,0
Riohacha,1958.5417,1289,0,0
Riohacha,1958.625,1402,0,0
Riohacha,1958.7083,1503,0,0
Riohacha,1958.7917,1515,0,0
Riohacha,1958.875,1384,0,0
Riohacha,1958.9583,1283,0,0
Riohacha,1959.0417,1271,0,1
Riohacha,1959.125,1085,0,1
Riohacha,1959.2083,1338,0,1
Riohacha,1959.2917,1445,0,1
Riohacha,1959.375,1448,0,1
Riohacha,1959.4583,1378,0,1
Riohacha,1959.5417,1362,0,1
Riohacha,1959.625,1408,0,1
Riohacha,1959.7083,1515,0,1
Riohacha,1959.7917,1545,0,1
Riohacha,1959.875,1494,0,1
Riohacha,1959.9583,1417,99,1
Riohacha,1960.0417,1320,0,0
Riohacha,1960.125,1448,0,0
Riohacha,1960.2083,1384,0,0
Riohacha,1960.2917,1442,0,0
Riohacha,1960.375,1466,0,0
Riohacha,1960.4583,1503,0,0
Riohacha,1960.5417,1484,0,0
Riohacha,1960.625,1457,0,0
Riohacha,1960.7083,1521,0,0
Riohacha,1960.7917,1551,0,0
Riohacha,1960.875,1484,0,0
Riohacha,1960.9583,1451,0,0
Riohacha,1961.0417,1430,0,0
Riohacha,1961.125,1426,99,0
Riohacha,1961.2083,1445,99,0
Riohacha,1961.2917,1439,99,0
Riohacha,1961.375,1454,0,0
Riohacha,1961.4583,1423,0,0
Riohacha,1961.5417,1423,0,0
Riohacha,1961.625,1451,0,0
Riohacha,1961.7083,1518,0,0
Riohacha,1961.7917,1622,0,0
Riohacha,1961.875,1579,0,0
Riohacha,1961.9583,1417,0,0
Riohacha,1962.0417,1338,0,0
Riohacha,1962.125,1338,0,0
Riohacha,1962.2083,1372,0,0
Riohacha,1962.2917,1356,0,0
Riohacha,1962.375,1484,0,0
Riohacha,1962.4583,1484,0,0
Riohacha,1962.5417,1399,0,0
Riohacha,1962.625,1509,0,0
Riohacha,1962.7083,1558,0,0
Riohacha,1962.7917,1564,0,0
Riohacha,1962.875,1509,0,0
Riohacha,1962.9583,1378,0,0
Riohacha,1963.0417,1320,0,0
Riohacha,1963.125,1332,0,0
Riohacha,1963.2083,1292,0,0
Riohacha,1963.2917,1448,0,0
Riohacha,1963.375,1466,0,0
Riohacha,1963.4583,1442,0,0
Riohacha,1963.5417,1430,0,0
Riohacha,1963.625,1487,0,0
Riohacha,1963.7083,1536,0,0
Riohacha,1963.7917,1603,0,0
Riohacha,1963.875,1536,0,0
Riohacha,1963.9583,1414,99,0
Riohacha,1964.0417,1369,99,0
Riohacha,1964.125,1338,99,0
Riohacha,1964.2083,1271,0,0
Riohacha,1964.2917,1347,0,0
Riohacha,1964.375,1445,0,0
Riohacha,1964.4583,1451,0,0
Riohacha,1964.5417,1393,0,0
Riohacha,1964.625,1576,0,0
Riohacha,1964.7083,1527,0,0
Riohacha,1964.7917,1634,0,0
Riohacha,1964.875,1533,0,0
Riohacha,1964.9583,1332,0,0
Riohacha,1965.0417,1359,0,0
Riohacha,1965.125,1274,0,0
Riohacha,1965.2083,1277,0,0
Riohacha,1965.2917,1350,0,0
Riohacha,1965.375,1490,0,0
Riohacha,1965.4583,1457,0,0
Riohacha,1965.5417,1408,0,0
Riohacha,1965.625,1506,0,0
Riohacha,1965.7083,1618,0,0
Riohacha,1965.7917,1594,0,0
Riohacha,1965.875,1558,0,0
Riohacha,1965.9583,1408,0,0
Riohacha,1966.0417,1457,0,0
Riohacha,1966.125,1405,0,0
Riohacha,1966.2083,1399,0,0
Riohacha,1966.2917,1484,0,0
Riohacha,1966.375,1545,0,0
Riohacha,1966.4583,1417,0,0
Riohacha,1966.5417,1405,0,0
Riohacha,1966.625,1414,0,0
Riohacha,1966.7083,1475,0,0
Riohacha,1966.7917,1509,0,0
Riohacha,1966.875,1530,0,0
Riohacha,1966.9583,1384,0,0
Riohacha,1967.0417,1280,0,0
Riohacha,1967.125,1317,0,0
Riohacha,1967.2083,1301,0,0
Riohacha,1967.2917,1372,0,0
Riohacha,1967.375,1451,0,0
Riohacha,1967.4583,1506,0,0
Riohacha,1967.5417,1420,0,0
Riohacha,1967.625,1466,0,0
Riohacha,1967.7083,1527,0,0
Riohacha,1967.7917,1558,0,0
Riohacha,1967.875,1582,0,0
Riohacha,1967.9583,1527,0,0
Riohacha,1968.0417,1494,0,0
Riohacha,1968.125,1582,0,0
Riohacha,1968.2083,1472,0,0
Riohacha,1968.2917,1530,0,0
Riohacha,1968.375,1524,0,0
Riohacha,1968.4583,1573,0,0
Riohacha,1968.5417,1490,0,0
Riohacha,1968.625,1503,0,0
Riohacha,1968.7083,1573,0,0
Riohacha,1968.7917,1573,0,0
Riohacha,1968.875,1579,0,0
Riohacha,1968.9583,1442,0,0
Riohacha,1969.0417,1472,0,0
Riohacha,1969.125,1469,0,0
Riohacha,1969.2083,1524,0,0
Riohacha,1969.2917,1487,0,0
Riohacha,1969.375,1500,0,0
Riohacha,1969.4583,1594,0,0
Riohacha,1969.5417,1445,0,0
Riohacha,1969.625,1561,0,0
Riohacha,1969.7083,1585,0,0
Riohacha,1969.7917,1597,0,0
Riohacha,1969.875,1585,0,0
Riohacha,1969.9583,1548,0,0
Riohacha,1970.125,1512,0,0
Riohacha,1970.2083,1536,0,0
Riohacha,1970.2917,1512,0,0
Riohacha,1970.375,1604,0,0
Riohacha,1970.4583,1581,1,0
Riohacha,1970.5417,1474,1,0
Riohacha,1970.625,1567,0,0
Riohacha,1970.7083,1632,0,0
Riohacha,1970.7917,1781,5,0
Riohacha,1970.875,1816,0,0
Riohacha,1970.9583,1738,4,0
Riohacha,1971.0417,1631,0,0
Riohacha,1971.125,1529,0,0
Riohacha,1971.2083,1564,0,0
Riohacha,1971.2917,1558,0,0
Riohacha,1971.375,1591,0,0
Riohacha,1971.4583,1549,0,0
Riohacha,1971.5417,1542,0,0
Riohacha,1971.625,1604,0,0
Riohacha,1971.7083,1684,0,0
Riohacha,1971.7917,1702,0,0
Riohacha,1971.875,1686,0,0
Riohacha,1971.9583,1517,0,0
Riohacha,1972.0417,1535,0,0
Riohacha,1972.125,1574,0,0
Riohacha,1972.2083,1587,3,0
Riohacha,1972.2917,1550,0,0
Riohacha,1972.375,1697,0,0
Riohacha,1972.4583,1713,4,0
Riohacha,1972.5417,1520,0,0
Riohacha,1972.625,1607,0,0
Riohacha,1972.7083,1727,0,0
Riohacha,1972.7917,1756,0,0
Riohacha,1972.875,1616,0,0
Riohacha,1972.9583,1623,0,0
Riohacha,1973.0417,1591,0,0
Riohacha,1973.125,1598,0,0
Riohacha,1973.2083,1546,0,0
Riohacha,1973.2917,1613,0,0
Riohacha,1973.375,1596,0,0
Riohacha,1973.4583,1622,0,0
Riohacha,1973.5417,1666,0,0
Riohacha,1973.625,1692,0,0
Riohacha,1973.7083,1704,0,0
Riohacha,1973.7917,1767,0,0
Riohacha,1973.875,1686,0,0
Riohacha,1973.9583,1617,0,0
Riohacha,1974.0417,1492,9,0
Riohacha,1974.125,1590,0,0
Riohacha,1974.2083,1599,10,0
Riohacha,1974.2917,1557,6,0
Riohacha,1974.375,1623,1,0
Riohacha,1974.4583,1635,5,0
Riohacha,1974.5417,1582,0,0
Riohacha,1974.625,1646,0,0
Riohacha,1974.7083,1688,0,0
Riohacha,1974.7917,1766,0,0
Riohacha,1974.875,1708,8,0
Riohacha,1974.9583,1677,8,0
Riohacha,1975.0417,1556,3,0
Riohacha,1975.125,1534,0,0
Riohacha,1975.2083,1545,0,0
Riohacha,1975.2917,1502,2,0
Riohacha,1975.375,1639,0,0
Riohacha,1975.4583,1602,0,0
Riohacha,1975.5417,1596,1,0
Riohacha,1975.625,1614,1,0
Riohacha,1975.7083,1754,7,0
Riohacha,1975.7917,1737,3,0
Riohacha,1975.875,1718,0,0
Riohacha,1975.9583,1623,2,0
Riohacha,1976.0417,1514,0,0
Riohacha,1976.125,1536,0,0
Riohacha,1976.2083,1487,0,0
Riohacha,1976.2917,1621,0,0
Riohacha,1976.375,1573,0,0
Riohacha,1976.4583,1605,0,0
Riohacha,1976.5417,1542,0,0
Riohacha,1976.625,1614,0,0
Riohacha,1976.7083,1655,0,0
Tumaco,1951.875,3897,1,0
Tumaco,1951.9583,3845,2,0
Tumaco,1952.0417,3729,2,0
Tumaco,1952.125,3638,0,0
Tumaco,1952.2083,3718,0,0
Tumaco,1952.2917,3727,0,0
Tumaco,1952.375,3812,2,0
Tumaco,1953.0417,3060,0,0
Tumaco,1953.125,3106,0,0
Tumaco,1953.2083,3063,0,0
Tumaco,1953.2917,3060,0,0
Tumaco,1953.375,3139,0,0
Tumaco,1953.4583,3167,0,0
Tumaco,1953.5417,3146,0,0
Tumaco,1953.625,3100,0,0
Tumaco,1953.7083,3103,0,0
Tumaco,1953.7917,3158,0,0
Tumaco,1953.875,3121,0,0
Tumaco,1953.9583,3088,0,0
Tumaco,1954.0417,3054,0,0
Tumaco,1954.125,2929,0,0
Tumaco,1954.2083,2950,0,0
Tumaco,1954.2917,3008,0,0
Tumaco,1954.375,3075,0,0
Tumaco,1954.4583,3106,0,0
Tumaco,1954.5417,3085,0,0
Tumaco,1954.625,3057,0,0
Tumaco,1954.7083,3054,0,0
Tumaco,1954.7917,3045,0,0
Tumaco,1954.875,3085,0,0
Tumaco,1954.9583,3069,0,0
Tumaco,1955.0417,3054,0,0
Tumaco,1955.125,3057,0,0
Tumaco,1955.2083,2941,0,0
Tumaco,1955.2917,3078,0,0
Tumaco,1955.375,3072,0,0
Tumaco,1955.4583,3103,0,0
Tumaco,1955.5417,3072,0,0
Tumaco,1955.625,3075,0,0
Tumaco,1955.7083,3057,0,0
Tumaco,1955.7917,3033,0,0
Tumaco,1955.875,3036,0,0
Tumaco,1955.9583,3027,0,0
Tumaco,1956.0417,2966,0,0
Tumaco,1956.125,3054,0,0
Tumaco,1956.2083,2990,0,0
Tumaco,1956.2917,3069,0,0
Tumaco,1956.375,3103,0,0
Tumaco,1956.4583,3121,0,0
Tumaco,1956.5417,3091,0,0
Tumaco,1956.625,3048,0,0
Tumaco,1956.7083,3069,0,0
Tumaco,1956.7917,3057,0,0
Tumaco,1956.875,3045,0,0
Tumaco,1956.9583,3030,0,0
Tumaco,1957.0417,3045,0,0
Tumaco,1957.125,3042,0,0
Tumaco,1957.2083,3039,0,0
Tumaco,1957.2917,3127,0,0
Tumaco,1957.375,3188,0,0
Tumaco,1957.4583,3213,0,0
Tumaco,1957.5417,3179,0,0
Tumaco,1957.625,3130,0,0
Tumaco,1957.7083,3118,0,0
Tumaco,1957.7917,3124,0,0
Tumaco,1957.875,3216,0,0
Tumaco,1957.9583,3200,0,0
Tumaco,1958.0417,3164,99,0
Tumaco,1958.125,3051,99,0
Tumaco,1958.2083,3027,0,0
Tumaco,1958.2917,3057,0,0
Tumaco,1958.375,3115,0,0
Tumaco,1958.4583,3124,0,0
Tumaco,1958.5417,3152,0,0
Tumaco,1958.625,3130,0,0
Tumaco,1958.7083,3121,0,0
Tumaco,1958.7917,3127,0,0
Tumaco,1958.875,3109,0,0
Tumaco,1958.9583,3124,0,0
Tumaco,1959.0417,3170,0,0
Tumaco,1959.125,3082,0,0
Tumaco,1959.2083,3045,0,0
Tumaco,1959.2917,3075,0,0
Tumaco,1959.375,3094,0,0
Tumaco,1959.4583,3112,0,0
Tumaco,1959.5417,3103,0,0
Tumaco,1959.625,3109,0,0
Tumaco,1959.7083,3109,0,0
Tumaco,1959.7917,3127,0,0
Tumaco,1959.875,3136,0,0
Tumaco,1959.9583,3139,0,0
Tumaco,1960.0417,3097,0,0
Tumaco,1960.125,3069,0,0
Tumaco,1960.2083,3024,0,0
Tumaco,1960.2917,3027,0,0
Tumaco,1960.375,3118,0,0
Tumaco,1960.4583,3139,0,0
Tumaco,1960.5417,3109,0,0
Tumaco,1960.625,3103,0,0
Tumaco,1960.7083,3088,0,0
Tumaco,1960.7917,3082,0,0
Tumaco,1960.875,3112,0,0
Tumaco,1960.9583,3106,0,0
Tumaco,1961.0417,3082,0,0
Tumaco,1961.125,2963,0,0
Tumaco,1961.2083,2999,0,0
Tumaco,1961.2917,3045,0,0
Tumaco,1961.375,3109,0,0
Tumaco,1961.4583,3121,0,0
Tumaco,1961.5417,3109,0,0
Tumaco,1961.625,3118,99,0
Tumaco,1961.7083,3075,99,0
Tumaco,1961.7917,3072,0,0
Tumaco,1961.875,3097,0,0
Tumaco,1961.9583,3115,0,0
Tumaco,1962.0417,3085,0,0
Tumaco,1962.125,2938,0,0
Tumaco,1962.2083,2908,0,0
Tumaco,1962.2917,3054,0,0
Tumaco,1962.375,3094,0,0
Tumaco,1962.4583,3136,0,0
Tumaco,1962.5417,3118,0,0
Tumaco,1962.625,3082,0,0
Tumaco,1962.7083,3127,0,0
Tumaco,1962.7917,3069,0,0
Tumaco,1962.875,3078,0,0
Tumaco,1962.9583,3011,0,0
Tumaco,1963.0417,3139,0,0
Tumaco,1963.125,3146,0,0
Tumaco,1963.2083,3078,0,0
Tumaco,1963.2917,3048,0,0
Tumaco,1963.375,3115,0,0
Tumaco,1963.4583,3149,0,0
Tumaco,1963.5417,3146,0,0
Tumaco,1963.625,3139,0,0
Tumaco,1963.7083,3133,0,0
Tumaco,1963.7917,3155,0,0
Tumaco,1963.875,3170,0,0
Tumaco,1963.9583,3182,0,0
Tumaco,1964.0417,3082,0,0
Tumaco,1964.125,3030,99,0
Tumaco,1964.2083,3011,0,0
Tumaco,1964.2917,2944,0,0
Tumaco,1964.375,3091,0,0
Tumaco,1964.4583,3021,0,0
Tumaco,1964.5417,3075,0,0
Tumaco,1964.625,3066,0,0
Tumaco,1964.7083,3036,0,0
Tumaco,1964.7917,3054,0,0
Tumaco,1964.875,3045,0,0
Tumaco,1964.9583,3036,0,0
Tumaco,1965.0417,3048,0,0
Tumaco,1965.125,3115,0,0
Tumaco,1965.2083,3094,0,0
Tumaco,1965.2917,3018,99,0
Tumaco,1965.375,3109,99,0
Tumaco,1965.4583,3130,99,0
Tumaco,1965.5417,3152,99,0
Tumaco,1965.625,3136,0,0
Tumaco,1965.7083,3158,0,0
Tumaco,1965.7917,3133,0,0
Tumaco,1965.875,3167,0,0
Tumaco,1965.9583,3194,0,0
Tumaco,1966.0417,3127,0,0
Tumaco,1966.125,3024,0,0
Tumaco,1966.2083,2935,0,0
Tumaco,1966.2917,3011,0,0
Tumaco,1966.375,3063,0,0
Tumaco,1966.4583,3082,0,0
Tumaco,1966.5417,3085,0,0
Tumaco,1966.625,3048,0,0
Tumaco,1966.7083,3039,0,0
Tumaco,1966.7917,3103,0,0
Tumaco,1966.875,3085,0,0
Tumaco,1966.9583,3060,99,0
Tumaco,1967.0417,3030,99,0
Tumaco,1967.125,2960,0,0
Tumaco,1967.2083,2902,0,0
Tumaco,1967.2917,2917,0,0
Tumaco,1967.375,3082,0,0
Tumaco,1967.4583,3094,0,0
Tumaco,1967.5417,3075,0,0
Tumaco,1967.625,3036,99,0
Tumaco,1967.7083,3030,99,0
Tumaco,1967.7917,3033,0,0
Tumaco,1967.875,3021,0,0
Tumaco,1967.9583,3036,0,0
Tumaco,1968.0417,2999,0,0
Tumaco,1968.125,2914,0,0
Tumaco,1968.2083,2896,0,0
Tumaco,1968.2917,2978,0,0
Tumaco,1968.375,3036,0,0
Tumaco,1968.4583,3075,0,0
Tumaco,1968.5417,3106,0,0
Tumaco,1968.625,3066,0,0
Tumaco,1968.7083,3063,0,0
Tumaco,1968.7917,3100,0,0
Tumaco,1968.875,3109,0,0
Tumaco,1968.9583,3085,0,0
Tumaco,1969.0417,3051,0,0
Tumaco,1969.125,3008,0,0
Tumaco,1969.2083,3054,0,0
Tumaco,1969.2917,3124,0,0
Tumaco,1969.375,3118,0,0
Tumaco,1969.4583,3091,0,0
Tumaco,1969.5417,3054,0,0
Tumaco,1969.625,3033,0,0
Tumaco,1969.7083,3094,0,0
Tumaco,1969.7917,3066,0,0
Tumaco,1969.875,3097,0,0
Tumaco,1969.9583,3069,0,0
Tumaco,1970.0417,2444,0,0
Tumaco,1970.125,2296,0,0
Tumaco,1970.2083,2285,0,0
Tumaco,1970.2917,2357,0,0
Tumaco,1970.375,2424,0,0
Tumaco,1970.4583,2449,0,0
Tumaco,1970.7083,2321,5,0
Tumaco,1970.875,2449,3,0
Tumaco,1970.9583,2441,0,0
Tumaco,1971.0417,2393,0,0
Tumaco,1971.125,2373,0,0
Tumaco,1971.2083,2410,0,0
Tumaco,1971.2917,2449,0,0
Tumaco,1971.375,2475,0,0
Tumaco,1971.4583,2509,0,0
Tumaco,1971.5417,2458,0,0
Tumaco,1971.625,2436,0,0
Tumaco,1971.7083,2430,0,0
Tumaco,1971.7917,2451,0,0
Tumaco,1971.875,2452,0,0
Tumaco,1971.9583,2403,0,0
Tumaco,1972.0417,2444,1,0
Tumaco,1972.125,2403,2,0
Tumaco,1972.2083,2441,0,0
Tumaco,1972.2917,2498,0,0
Tumaco,1972.375,2568,0,0
Tumaco,1972.4583,2567,0,0
Tumaco,1972.5417,2884,0,0
Tumaco,1972.625,2820,0,0
Tumaco,1972.7083,2831,0,0
Tumaco,1972.7917,2823,0,0
Tumaco,1972.875,2880,0,0
Tumaco,1972.9583,2897,0,0
Tumaco,1973.0417,1885,0,0
Tumaco,1973.125,1770,0,0
Tumaco,1973.2083,1773,0,0
Tumaco,1973.2917,1808,0,0
Tumaco,1973.375,1912,0,0
Tumaco,1973.4583,1917,0,0
Tumaco,1973.5417,1930,0,0
Tumaco,1973.625,1894,0,0
Tumaco,1973.7083,1887,0,0
Tumaco,1973.7917,1916,0,0
Tumaco,1973.875,1893,0,0
Tumaco,1973.9583,1858,0,0
Tumaco,1974.0417,3813,0,0
Tumaco,1974.125,3754,0,0
Tumaco,1974.2083,3786,0,0
Tumaco,1974.2917,3859,0,0
Tumaco,1974.375,3665,5,0
Tumaco,1974.5417,3591,1,0
Tumaco,1974.625,3583,0,0
Tumaco,1974.7083,3549,0,0
Tumaco,1974.7917,3603,2,0
Tumaco,1974.875,3595,1,0
Tumaco,1974.9583,3564,1,0
Tumaco,1975.0417,3554,0,0
Tumaco,1975.125,3547,0,0
Tumaco,1975.2083,3574,2,0
Tumaco,1975.2917,3548,0,0
Tumaco,1975.375,3557,0,0
Tumaco,1975.4583,3599,0,0
Tumaco,1975.5417,3569,0,0
Tumaco,1975.625,3561,0,0
Tumaco,1975.7083,3538,0,0
Tumaco,1975.7917,3564,0,0
Tumaco,1975.875,3548,0,0
Tumaco,1975.9583,3539,0,0
Tumaco,1976.0417,3512,2,0
Tumaco,1976.125,3486,0,0
Tumaco,1976.2083,3548,0,0
Tumaco,1976.2917,3584,0,0
Tumaco,1976.375,3707,0,0
Tumaco,1976.4583,3730,0,0
Tumaco,1976.5417,3711,0,0
Tumaco,1976.625,3651,2,0
Tumaco,1976.7083,3654,0,0
Tumaco,1976.7917,3674,0,0
Tumaco,1976.875,3690,0,0
Tumaco,1976.9583,3646,0,0
Tumaco,1977.0417,3522,0,0
Tumaco,1977.125,3532,0,0
Tumaco,1977.2083,3494,0,0
Tumaco,1977.2917,3494,0,0
Tumaco,1977.375,3598,0,0
Tumaco,1977.4583,3640,9,0
Tumaco,1978.7083,3552,9,0
Tumaco,1978.7917,3612,1,0
Tumaco,1978.875,3626,3,0
Tumaco,1978.9583,3612,0,0
Tumaco,1979.0417,3569,0,0
Tumaco,1979.125,3494,1,0
Tumaco,1979.2083,3591,9,0
Tumaco,1979.2917,3557,0,0
Tumaco,1979.375,3618,0,0
Tumaco,1979.4583,3635,0,0
Tumaco,1979.5417,3642,0,0
Tumaco,1979.625,3623,1,0
Tumaco,1979.7083,3659,0,0
Tumaco,1979.7917,3663,3,0
Tumaco,1979.875,3632,0,0
Tumaco,1980.4583,3838,0,0
Tumaco,1980.5417,3822,0,0
Tumaco,1980.625,3771,0,0
Tumaco,1980.7083,3761,2,0
Tumaco,1980.7917,3809,0,0
Tumaco,1980.875,3800,0,0
Tumaco,1980.9583,3800,0,0
Tumaco,1981.0417,3723,0,0
Tumaco,1981.125,3669,0,0
Tumaco,1981.2083,3697,0,0
Tumaco,1981.2917,3873,0,0
Tumaco,1981.375,3816,0,0
Tumaco,1981.4583,3777,0,0
Tumaco,1981.5417,3787,0,0
Tumaco,1981.625,3760,1,0
Tumaco,1981.7083,3772,0,0
Tumaco,1981.7917,3817,0,0
Tumaco,1981.875,3813,0,0
Tumaco,1981.9583,3817,0,0
Tumaco,1982.0417,3846,0,0
Tumaco,1982.125,3774,0,0
Tumaco,1982.2083,3724,0,0
Tumaco,1982.2917,3793,0,0
Tumaco,1982.375,3851,0,0
Tumaco,1982.4583,3924,0,0
Tumaco,1982.5417,3867,0,0
Tumaco,1982.625,3880,2,0
Tumaco,1982.7083,3898,0,0
Tumaco,1982.7917,4046,0,0
Tumaco,1982.875,4050,0,0
Tumaco,1982.9583,4083,3,0
Tumaco,1983.0417,4017,1,0
Tumaco,1983.125,3775,6,0
Tumaco,1983.2917,3896,7,0
Tumaco,1983.375,3939,0,0
Tumaco,1983.4583,3962,2,0
Tumaco,1983.5417,3897,0,0
Tumaco,1983.625,3837,0,0
Tumaco,1983.7083,3830,0,0
Tumaco,1983.7917,3816,0,0
Tumaco,1983.875,3726,0,0
Tumaco,1983.9583,3677,0,0
Tumaco,1984.0417,3693,0,0
Tumaco,1984.125,3689,1,0
Tumaco,1984.2083,3732,0,0
Tumaco,1984.2917,3733,0,0
Tumaco,1984.5417,3777,0,0
Tumaco,1984.7083,3756,2,0
Tumaco,1984.7917,3779,0,0
Tumaco,1984.875,3737,0,0
Tumaco,1984.9583,3735,4,0
Tumaco,1985.0417,2695,0,0
Tumaco,1985.125,2699,0,0
Tumaco,1985.2083,2659,0,0
Tumaco,1985.2917,2723,0,0
Tumaco,1985.375,2828,0,0
Tumaco,1985.4583,2871,0,0
Tumaco,1985.5417,2824,0,0
Tumaco,1985.625,2819,0,0
Tumaco,1985.7083,2821,0,0
Tumaco,1985.7917,2840,0,0
Tumaco,1985.875,2778,0,0
Tumaco,1985.9583,2796,0,0
Tumaco,1986.0417,2758,0,0
Tumaco,1986.125,2630,0,0
Tumaco,1986.2083,2710,0,0
Tumaco,1986.2917,2750,0,0
Tumaco,1986.375,2859,0,0
Tumaco,1986.4583,2867,3,0
Tumaco,1986.5417,2820,0,0
Tumaco,1986.625,2821,0,0
Tumaco,1986.7083,2849,0,0
Tumaco,1986.7917,2898,0,0
Tumaco,1986.875,2959,1,0
Tumaco,1986.9583,2841,2,0
Tumaco,1987.0417,2857,1,0
Tumaco,1987.125,2900,1,0
Tumaco,1987.2083,2800,0,0
Tumaco,1987.2917,2868,3,0
Tumaco,1987.375,2916,2,0
Tumaco,1987.4583,2962,1,0
Tumaco,1987.5417,2943,0,0
Tumaco,1987.625,2904,6,0
Tumaco,1987.7083,2908,3,0
Tumaco,1987.7917,2924,0,0
Tumaco,1987.9583,2922,10,0
Tumaco,1988.0417,2808,0,0
Tumaco,1988.125,2767,0,0
Tumaco,1988.2083,2739,6,0
Tumaco,1988.2917,2733,5,0
Tumaco,1988.4583,2875,8,0
Tumaco,1988.5417,2866,3,0
Tumaco,1988.625,2853,7,0
Tumaco,1988.7083,2832,0,0
Tumaco,1988.7917,2842,1,0
Tumaco,1988.875,2813,2,0
Tumaco,1988.9583,2787,0,0
Tumaco,1989.0417,2767,3,0
Tumaco,1989.2083,2697,6,0
Tumaco,1989.2917,2822,6,0
Tumaco,1989.375,2891,5,0
Tumaco,1989.4583,2890,2,0
Tumaco,1989.5417,2898,0,0
Tumaco,1989.625,2846,1,0
Tumaco,1989.7083,2873,1,0
Tumaco,1989.9583,2782,2,0
Tumaco,1990.0417,3761,0,0
Tumaco,1990.125,3668,0,0
Tumaco,1990.2083,3659,0,0
Tumaco,1990.2917,3657,0,0
Tumaco,1990.375,3708,0,0
Tumaco,1990.4583,3744,0,0
Tumaco,1990.5417,3709,0,0
Tumaco,1990.625,3726,0,0
Tumaco,1990.7083,3768,0,0
Tumaco,1990.7917,3754,0,0
Tumaco,1990.875,3765,0,0
Tumaco,1990.9583,3573,0,0
Tumaco,1991.7083,3695,0,0
Tumaco,1991.7917,3761,0,0
Tumaco,1992.2917,3737,0,0
Tumaco,1992.375,3708,0,0
Tumaco,1992.4583,3745,0,0
Tumaco,1992.5417,3720,0,0
Tumaco,1992.625,3681,7,0
Tumaco,1992.7083,3646,15,0
Tumaco,1992.7917,3712,8,0
Tumaco,1992.875,3722,7,0
Tumaco,1992.9583,3653,0,0
Tumaco,1993.0417,1572,0,0
Tumaco,1993.125,1550,0,0
Tumaco,1993.2083,1445,0,0
Tumaco,1993.2917,1545,0,0
Tumaco,1993.375,1685,0,0
Tumaco,1993.4583,1683,0,0
Tumaco,1993.5417,1589,10,0
Tumaco,1993.625,1616,0,0
Tumaco,1993.7083,1635,0,0
Tumaco,1993.7917,1623,0,0
Tumaco,1993.875,1589,0,0
Tumaco,1993.9583,1573,0,0
Tumaco,1994.0417,1535,6,0
Tumaco,1994.125,1444,4,0
Tumaco,1994.2083,1415,0,0
Tumaco,1994.2917,1476,0,0
Tumaco,1994.375,1551,0,0
Tumaco,1994.4583,1643,0,0
Tumaco,1994.5417,1605,0,0
Tumaco,1994.625,1554,0,0
Tumaco,1994.7083,1614,0,0
Tumaco,1994.7917,1630,0,0
Tumaco,1994.875,1683,2,0
Tumaco,1994.9583,1648,0,0
Tumaco,1995.2083,1479,3,0
Tumaco,1995.4583,1584,0,0
Tumaco,1995.5417,1527,0,0
Tumaco,1995.625,1514,10,0
Tumaco,1995.7083,1564,0,0
Tumaco,1995.7917,1583,0,0
Tumaco,1995.875,1609,6,0
Tumaco,1995.9583,1540,0,0
Tumaco,1996.0417,1528,0,0
Tumaco,1996.125,1524,0,0
Tumaco,1996.2083,1436,0,0
Tumaco,1996.2917,1511,0,0
Tumaco,1996.375,1574,0,0
Tumaco,1996.4583,1598,0,0
Tumaco,1996.5417,1497,0,0
Tumaco,1996.625,1419,0,0
Tumaco,1996.7083,1428,0,0
Tumaco,1996.7917,1564,0,0
Tumaco,1996.875,1612,0,0
Tumaco,1996.9583,1522,0,0
Tumaco,1997.0417,3831,0,0
Tumaco,1997.125,3884,0,0
Tumaco,1997.2083,3765,3,0
Tumaco,1997.2917,3828,2,0
Tumaco,1997.375,4038,0,0
Tumaco,1997.4583,4035,2,0
Tumaco,1997.5417,4089,0,0
Tumaco,1997.625,3984,0,0
Tumaco,1997.7083,3966,0,0
Tumaco,1997.7917,4121,0,0
Tumaco,1997.875,4172,4,0
Tumaco,1997.9583,4124,0,0
Tumaco,1998.0417,3911,0,0
Tumaco,1998.125,3875,0,0
Tumaco,1998.2083,3875,0,0
Tumaco,1998.2917,3928,0,0
Tumaco,1998.375,3931,0,0
Tumaco,1998.4583,3805,0,0
Tumaco,1998.5417,3860,0,0
Tumaco,1998.625,3856,0,0
Tumaco,1998.7083,3854,0,0
Tumaco,1998.7917,3859,0,0
Tumaco,1998.875,3794,0,0
Tumaco,1999.0417,3785,2,0
Tumaco,1999.125,3694,5,0
Tumaco,1999.2083,3738,0,0
Tumaco,1999.2917,3790,0,0
Tumaco,1999.375,3855,0,0
Tumaco,1999.4583,3841,0,0
Tumaco,1999.5417,3714,0,0
Tumaco,1999.625,3697,5,0
Tumaco,1999.7083,3755,4,0
Tumaco,1999.7917,3785,0,0
Tumaco,1999.875,3804,5,0
Tumaco,1999.9583,3640,1,0
Tumaco,2000.0417,3743,0,0
Tumaco,2000.125,3596,0,0
Tumaco,2000.2917,3769,4,0
Tumaco,2000.375,3858,4,0
Tumaco,2000.4583,3750,3,0
Tumaco,2000.5417,3854,4,0
Tumaco,2000.625,3817,3,0
Tumaco,2000.7083,3796,0,0
Tumaco,2000.7917,3886,4,0
Tumaco,2000.875,3810,5,0
Tumaco,2001.125,1433,1,0
Tumaco,2001.2083,1435,1,0
Tumaco,2001.2917,1442,0,0
Tumaco,2001.375,1563,2,0
Tumaco,2001.625,1586,0,0
Tumaco,2001.7083,1554,0,0
Tumaco,2001.7917,1580,0,0
Tumaco,2001.875,1593,0,0
Tumaco,2001.9583,1575,0,0
Tumaco,2002.0417,1566,0,0
Tumaco,2002.125,1578,0,0
Tumaco,2002.2083,1462,0,0
Tumaco,2002.2917,1501,0,0
Tumaco,2002.375,1577,0,0
Tumaco,2002.4583,1595,0,0
Tumaco,2002.5417,1610,0,0
Tumaco,2002.625,1552,0,0
Tumaco,2002.7083,1606,0,0
Tumaco,2002.7917,1658,0,0
Tumaco,2002.875,1701,0,0
Tumaco,2003.2083,1409,1,0
Tumaco,2003.2917,1467,0,0
Tumaco,2003.375,1580,0,0
Tumaco,2003.4583,1545,0,0
Tumaco,2003.5417,1595,0,0
Tumaco,2003.625,1599,1,0
Tumaco,2003.7083,1586,1,0
Tumaco,2003.875,1633,2,0
Tumaco,2005.0417,1608,0,0
Tumaco,2005.125,1482,0,0
Tumaco,2005.7083,1626,2,0
Tumaco,2005.7917,1651,0,0
Tumaco,2005.875,1474,6,0
Tumaco,2005.9583,1479,6,0
Tumaco,2006.125,1392,3,0
Tumaco,2006.2083,1431,2,0
Tumaco,2006.2917,1440,0,0
Tumaco,2006.375,1652,0,0
Tumaco,2006.4583,1706,0,0
Tumaco,2006.5417,1662,4,0
Tumaco,2006.625,1530,0,0
Tumaco,2006.7083,1500,5,0
Tumaco,2006.7917,1518,0,0
Tumaco,2006.875,1641,0,0
Tumaco,2006.9583,1646,0,0
Tumaco,2007.0417,1568,0,0
Tumaco,2007.125,1422,0,0
Tumaco,2007.2917,1452,2,0
Tumaco,2007.375,1605,4,0
Tumaco,2007.4583,1586,5,0
Tumaco,2007.5417,1587,3,0
Tumaco,2007.625,1559,7,0
Tumaco,2007.7083,1511,0,0
Tumaco,2007.7917,1542,0,0
Tumaco,2007.875,1589,0,0
Tumaco,2007.9583,1487,0,0
Tumaco,2008.0417,1465,2,0
Tumaco,2008.125,1430,7,0
Tumaco,2008.875,1621,4,0
Tumaco,2008.9583,1563,0,0
Tumaco,2009.0417,1538,0,0
Tumaco,2009.125,1512,7,0
Tumaco,2009.375,1670,0,0
Tumaco,2009.4583,1669,0,0
Tumaco,2009.5417,1687,0,0
Tumaco,2009.625,1667,0,0
Tumaco,2009.7083,1674,0,0
Tumaco,2009.7917,1642,0,0
Tumaco,2009.875,1690,1,0
Tumaco,2009.9583,1759,7,0
Tumaco,2010.0417,1674,5,0
Tumaco,2010.125,1570,0,0
Tumaco,2010.2083,1611,0,0
Tumaco,2010.2917,1616,0,0
Tumaco,2010.375,1590,0,0
Tumaco,2010.4583,1566,0,0
Tumaco,2010.5417,1570,0,0
Tumaco,2010.7083,1537,0,0
Tumaco,2010.7917,1599,0,0
Tumaco,2010.875,1589,0,0
Tumaco,2010.9583,1572,5,0
Tumaco,2011.0417,1556,0,0
Tumaco,2011.125,1494,0,0
Tumaco,2011.2083,1518,0,0
Tumaco,2011.2917,1659,0,0
Tumaco,2011.375,1687,0,0
Tumaco,2011.4583,1674,0,0
Tumaco,2011.5417,1641,0,0
Tumaco,2011.625,1615,7,0
Tumaco,2011.7083,1580,1,0
Tumaco,2011.7917,1585,0,0
Tumaco,2011.875,1574,0,0
Tumaco,2011.9583,1574,0,0
Tumaco,2012.0417,1523,0,0
Tumaco,2012.125,1438,13,0
Tumaco,2012.2083,1639,12,0
Tumaco,2012.2917,1690,1,0
Tumaco,2012.4583,1655,1,0
Tumaco,2012.5417,1611,3,0
Tumaco,2012.625,1657,0,0
Tumaco,2012.7083,1686,0,0
Tumaco,2012.7917,1678,0,0
Tumaco,2012.875,1615,3,0
Tumaco,2012.9583,1652,1,0
Tumaco,2013.0417,1656,2,0
Tumaco,2013.4583,1648,1,0
Tumaco,2013.5417,1630,0,0
Tumaco,2013.625,1633,0,0
Tumaco,2013.7083,1629,0,0
Tumaco,2013.7917,1685,13,0
Tumaco,2013.875,1646,5,0
Tumaco,2013.9583,1663,11,0
Tumaco,2014.4583,1671,5,0
Tumaco,2014.5417,1608,0,0
Tumaco,2014.625,1602,8,0
Tumaco,2014.7083,1630,0,0
Tumaco,2014.7917,1631,0,0
San_Andres,1997.125,6912,11,0
San_Andres,1997.2083,6849,0,0
San_Andres,1997.2917,6794,0,0
San_Andres,1997.375,6817,1,0
San_Andres,1997.4583,6826,3,0
San_Andres,1997.5417,6860,4,0
San_Andres,1997.625,6873,0,0
San_Andres,1997.7083,6849,0,0
San_Andres,1997.7917,6754,0,0
San_Andres,1997.875,6928,0,0
San_Andres,1997.9583,6926,4,0
San_Andres,1998.0417,6826,0,0
San_Andres,1998.125,6759,0,0
San_Andres,1998.2083,6844,5,0
San_Andres,1998.375,6875,0,0
San_Andres,1998.4583,6764,0,0
San_Andres,1998.5417,6842,0,0
San_Andres,1998.625,6752,0,0
San_Andres,1998.7083,6789,0,0
San_Andres,1998.7917,6796,0,0
San_Andres,1998.875,6874,0,0
San_Andres,1998.9583,6730,0,0
San_Andres,1999.0417,6751,0,0
San_Andres,1999.125,6882,0,0
San_Andres,1999.2083,6863,0,0
San_Andres,1999.2917,6827,0,0
San_Andres,1999.375,6800,0,0
San_Andres,1999.625,6801,0,0
San_Andres,1999.7083,6815,12,0
San_Andres,1999.7917,6780,0,0
San_Andres,1999.875,6791,7,0
San_Andres,2000.875,6863,6,0
San_Andres,2000.9583,6762,10,0
San_Andres,2001.125,6873,4,0
San_Andres,2001.2083,6941,0,0
San_Andres,2001.2917,6975,5,0
San_Andres,2001.375,6789,6,0
San_Andres,2001.4583,6895,0,0
San_Andres,2001.5417,6813,0,0
San_Andres,2001.625,6918,3,0
San_Andres,2001.7083,6832,2,0
San_Andres,2001.9583,6970,7,0
San_Andres,2002.0417,6895,0,0
San_Andres,2002.125,6845,0,0
San_Andres,2002.2083,6917,0,0
San_Andres,2002.2917,6928,0,0
San_Andres,2002.375,6907,0,0
San_Andres,2002.4583,6910,0,0
San_Andres,2002.5417,6897,0,0
San_Andres,2002.9583,6970,7,0
San_Andres,2003.375,6905,11,0
San_Andres,2003.4583,6878,0,0
San_Andres,2003.5417,6916,0,0
San_Andres,2003.625,6851,0,0
San_Andres,2003.7083,6840,2,0
San_Andres,2004.2917,6965,0,0
San_Andres,2004.375,6939,3,0
San_Andres,2004.7083,6938,3,0
San_Andres,2005.2083,6984,2,0
San_Andres,2005.2917,6986,0,0
San_Andres,2005.375,6927,0,0
San_Andres,2005.4583,6840,0,0
San_Andres,2005.5417,6728,0,0
San_Andres,2005.625,6744,0,0
San_Andres,2005.7083,6895,0,0
San_Andres,2005.7917,6820,7,0
San_Andres,2005.875,6817,13,0
San_Andres,2005.9583,6910,0,0
San_Andres,2006.125,6949,0,0
San_Andres,2006.2083,6840,3,0
San_Andres,2006.2917,6776,3,0
San_Andres,2006.375,6861,0,0
San_Andres,2006.4583,6735,0,0
San_Andres,2006.5417,6827,2,0
San_Andres,2006.625,6998,6,0
San_Andres,2006.7083,6975,12,0
San_Andres,2006.875,6869,4,0
San_Andres,2006.9583,6843,0,0
San_Andres,2007.0417,6763,0,0
San_Andres,2007.125,6803,0,0
San_Andres,2007.2917,6876,2,0
San_Andres,2007.375,6896,3,0
San_Andres,2007.4583,6809,0,0
San_Andres,2007.5417,6806,0,0
San_Andres,2007.625,6916,0,0
San_Andres,2008.7917,6804,5,0
San_Andres,2008.875,6962,0,0
San_Andres,2008.9583,6776,0,0
San_Andres,2009.7917,6944,5,0
San_Andres,2009.875,7101,0,0
San_Andres,2009.9583,6922,0,0
San_Andres,2010.0417,7005,0,0
San_Andres,2010.125,6923,0,0
San_Andres,2010.2083,6861,3,0
San_Andres,2010.875,7108,0,0
San_Andres,2010.9583,6989,0,0
San_Andres,2011.0417,6837,0,0
San_Andres,2011.125,7025,0,0
San_Andres,2011.2083,6971,0,0
San_Andres,2011.2917,6886,0,0
San_Andres,2011.4583,7013,14,0
San_Andres,2011.5417,6897,0,0
San_Andres,2011.625,6927,3,0
San_Andres,2011.7083,6874,8,0
San_Andres,2011.7917,6886,0,0
San_Andres,2011.875,6809,0,0
San_Andres,2011.9583,6907,9,0
San_Andres,2012.0417,6884,0,0
San_Andres,2012.125,6924,2,0
San_Andres,2012.2083,6912,3,0
San_Andres,2012.2917,6862,4,0
San_Andres,2012.375,6815,2,0
San_Andres,2012.4583,6810,3,0
San_Andres,2012.5417,6850,3,0
San_Andres,2012.625,6903,4,0
San_Andres,2012.7083,6929,0,0
San_Andres,2012.7917,6897,0,0
San_Andres,2012.875,6899,0,0
San_Andres,2012.9583,6811,0,0
San_Andres,2013.0417,6970,0,0
San_Andres,2013.125,6972,0,0
San_Andres,2013.2083,6858,0,0
San_Andres,2013.2917,6895,0,0
San_Andres,2013.375,6945,0,0
San_Andres,2013.4583,6969,0,0
San_Andres,2013.5417,6868,0,0
San_Andres,2013.625,6795,0,0
San_Andres,2013.7083,6888,0,0
San_Andres,2013.7917,6926,0,0
San_Andres,2013.875,6884,0,0
San_Andres,2013.9583,6919,0,0
San_Andres,2014.0417,6948,0,0
San_Andres,2014.125,6842,0,0
San_Andres,2014.2083,6841,0,0
San_Andres,2014.2917,6984,0,0
San_Andres,2014.375,6935,0,0
San_Andres,2014.4583,6908,0,0
San_Andres,2014.5417,6898,0,0
San_Andres,2014.625,6847,0,0
San_Andres,2014.7083,6941,0,0
San_Andres,2014.7917,6965,0,0
San_Andres,2014.875,6908,0,0
San_Andres,2014.9583,7047,0,0
San_Andres,2015.0417,6906,0,0
San_Andres,2015.125,6880,0,0
San_Andres,2015.2083,6998,0,0
San_Andres,2015.2917,6944,0,0
San_Andres,2015.375,6862,0,0
San_Andres,2015.4583,6907,0,0
San_Andres,2015.5417,6863,0,0
San_Andres,2015.625,7003,0,0
San_Andres,2015.7083,6919,0,0
San_Andres,2015.7917,6901,0,0
San_Andres,2015.875,6976,0,0
San_Andres,2015.9583,6951,0,0
San_Andres,2016.0417,6849,0,0
San_Andres,2016.125,6892,0,0
San_Andres,2016.2083,6996,0,0
San_Andres,2016.2917,6955,0,0
San_Andres,2016.375,6987,0,0
San_Andres,2016.4583,6891,0,0
San_Andres,2016.5417,6892,0,0
San_Andres,2016.625,6913,0,0
San_Andres,2016.7083,6949,0,0
San_Andres,2016.7917,6847,0,0
San_Andres,2016.875,6867,0,0
San_Andres,2016.9583,6846,0,0
San_Andres,2017.0417,6937,0,0
San_Andres,2017.125,6928,0,0
San_Andres,2017.2083,6885,0,0
San_Andres,2017.2917,6895,14,0
San_Andres,2017.4583,6963,0,0
San_Andres,2017.5417,6871,0,0
San_Andres,2017.625,6827,0,0
San_Andres,2017.7083,7016,0,0
San_Andres,2017.7917,6976,0,0
San_Andres,2017.875,6871,0,0
San_Andres,2017.9583,6903,0,0
San_Andres,2018.0417,6813,0,0
San_Andres,2018.125,6929,0,0
San_Andres,2018.2083,6958,0,0
San_Andres,2018.2917,6831,0,0
San_Andres,2018.375,6934,0,0
San_Andres,2018.4583,6880,0,0
San_Andres,2018.5417,6842,0,0
San_Andres,2018.625,6859,0,0
San_Andres,2018.7083,6982,0,0
San_Andres,2018.7917,6909,0,0
San_Andres,2018.875,6970,0,0
San_Andres,2018.9583,6990,0,0
